Xs,Vs,As,Xe,Ve,Ae,avg_acc,time,Tm,Tb
0,0,0,0,0,0,0,0,0,0
573.449654455249,10.9900863779982,0.0480885130960306,858.077513619944,0.00099999999893387,-1.74386788114558,-0.207636632716715,52.9246031117834,0,60
774.879068222316,14.6472446519009,0.116268644059406,1257.79976284372,0.000999999992403019,-1.7672940866104,-0.214044589279828,68.4261382228213,0,60
970.671731815745,18.1076301423769,0.192794806333745,1671.86555776598,0.000999999996147824,-2.89025564608686,-0.221416228362939,81.7764365162109,0,60
1161.19912000467,21.3905412632351,0.147940147329767,2088.35303707916,0.000999999999994883,-0.15828220938303,-0.229418593126838,93.2336868241955,0,60
1346.79665245641,24.5124103322446,0.139090484754578,2499.56661817793,0.000999999997883914,-0.250260047951093,-0.237802230583942,103.07477045971,0,60
1527.76822045145,27.4877914249782,0.173188357685197,2900.90405501154,0.000999999994594452,-1.177586786816,-0.24639010322489,111.558017409065,0,60
1704.390024872,30.3296906505464,0.175388559243953,3289.86278428977,0.000999999991922184,-3.11984723094585,-0.255059036263649,118.908512691173,0,60
1876.91384841338,33.0493776274835,0.187996328350349,3665.29637223339,0.000999999995379553,-2.60743382335846,-0.263721534936769,125.31543029056,0,60
2045.56985661645,35.6569845315322,0.190753582927848,4026.90153531919,0.000999999998608752,-1.34230681905411,-0.272318523841435,130.93484801752,0,60
2210.56900892772,38.1616547911774,0.131411961699417,4374.87948112835,0.000999999993571463,-2.59039213546826,-0.280811064590165,135.894413017087,0,60
2372.1051448413,40.5709794843518,0.151118156005234,4709.7188484688,0.000999999997642065,-2.38685758865044,-0.289169549039316,140.298242394942,0,60
2530.35678833455,42.8924903966544,0.137283232526774,5032.05930034357,0.000999999993356351,-2.59072220969512,-0.297379811168396,144.231345860843,0,60
2685.48872784744,45.1324549317661,0.147604169178074,5342.60690308984,0.000999999999977436,-2.58997120848492,-0.305430652301485,147.763345269019,0,60
2837.65339256102,47.2965624610422,0.213573268792325,5642.08345701717,0.000999999999941851,-3.05022985100639,-0.313316242638865,150.951518065905,0,60
2986.99205898566,49.3907151064025,0.168503921609871,5931.19617613046,0.000999999994889736,-2.05829985626507,-0.321039274785922,153.843217903299,0,60
3133.63592475536,51.4188543303546,0.224508660924292,6210.62094940829,0.000999999985172612,-0.338428881426988,-0.328595132491615,156.477833193958,0,60
3277.70703686291,53.3861289114522,0.181532531089945,6480.99420731892,0.000999999991241153,-3.0030339567222,-0.33599157351967,158.888296965982,0,60
3419.31913765766,55.2958816759531,0.184335475634748,6742.90862680852,0.000999999999747285,-1.18390733274854,-0.343228380010013,161.102300673214,0,60
3558.57839746042,57.1516433127742,0.243214434986587,6996.91333057978,0.000999999998518506,-0.332737118828078,-0.350309524487837,163.143275639827,0,60
365.970588958934,7.1141505059945,0.0647867787216255,481.208193317021,0.000999999998779789,-3.07537853792067,-0.21770070036064,32.673989997332,0,70
573.449654455249,10.9900863779982,0.0480885130806351,839.183178168689,0.000999999999894652,-3.07919724007523,-0.222724592424049,49.3393489169621,0,70
774.879068222316,14.6472446519009,0.116268644047854,1227.01864802898,0.000999999999980246,-3.06631171073761,-0.229170698839487,63.909761265594,0,70
970.671731815745,18.1076301423769,0.192794806324407,1629.1047367198,0.000999999996852579,-2.63442818215685,-0.236607174999281,76.5261245456103,0,70
1161.19912000467,21.3905412632351,0.147940147321851,2034.31016423982,0.000999999994058466,-3.11023145196326,-0.244702067430801,87.4105457621022,0,70
1346.79665245641,24.5124103322446,0.139090484747671,2435.2970584309,0.000999999995571214,-2.96223075947324,-0.253203836779038,96.8050509978617,0,70
1527.76822045145,27.4877914249782,0.173188357679055,2827.5595926716,0.000999999994862893,-3.09087391068948,-0.261932078558864,104.93862216577,0,70
1704.390024872,30.3296906505464,0.175388559238386,3208.55437455558,0.000999999999995788,-0.21185636480784,-0.270759953298901,112.013206831461,0,70
1876.91384841338,33.0493776274835,0.187996328345233,3577.03284824008,0.000999999996042096,-2.84552038332226,-0.279596221110568,118.200373010114,0,70
2045.56985661645,35.6569845315322,0.190753582923092,3932.56989487732,0.00099999999162708,-1.817077157784,-0.288378597874036,123.64296377887,0,70
2210.56900892772,38.1616547911774,0.131411961694974,4275.24632257268,0.000999999999889795,-1.92299085355571,-0.297065412552345,128.45876086114,0,70
2372.1051448413,40.5709794843518,0.151118156001055,4605.44076454006,0.000999999994601289,-2.84032199289707,-0.305624544556634,132.744506967566,0,70
2530.35678833455,42.8924903966544,0.137283232522832,4923.69656260527,0.000999999997084349,-3.02080092646862,-0.314040084889779,136.579667566041,0,70
2685.48872784744,45.1324549317661,0.147604169174317,5230.6374801052,0.000999999999923118,-0.489894107558803,-0.322299232049938,140.029669461867,0,70
2837.65339256102,47.2965624610422,0.21357326878874,5526.91542806553,0.0009999999950062,-1.81510254985919,-0.330394876698442,143.148595201174,0,70
2986.99205898566,49.3907151064025,0.168503921606438,5813.17904498436,0.000999999994127221,-2.79087597292814,-0.338328963738289,145.981338874118,0,70
3133.63592475536,51.4188543303546,0.224508660921003,6090.05518735523,0.00099999999999916,-0.19054860337671,-0.34609582747489,148.565369035213,0,70
3277.70703686291,53.3861289114522,0.181532531086778,6358.13876521163,0.000999999995664183,-2.63175913088583,-0.353702894204257,150.932123503144,0,70
3419.31913765766,55.2958816759531,0.184335475631682,6617.9879556322,0.000999999999946112,-0.50729917523819,-0.361149263308899,153.108111503078,0,70
3558.57839746042,57.1516433127742,0.24321443498362,6870.12257000469,0.000999999998515852,-0.822898168102579,-0.3684385244202,155.115818582522,0,70
365.970588958934,7.1141505059945,0.0647867786978507,473.807667831769,0.000999999999830411,-1.50649150986467,-0.232771660322996,30.5584902222393,0,80
573.449654455249,10.9900863779982,0.0480885130652506,822.643693920057,0.000999999994680999,-2.95068933745513,-0.237810035040386,46.2095149859311,0,80
774.879068222316,14.6472446519009,0.116268644036311,1199.93763083283,0.000999999998051384,-0.189595606752161,-0.244289827587257,59.9543779475279,0,80
970.671731815745,18.1076301423769,0.192794806315057,1591.29142089749,0.000999999999456193,-0.24497475266202,-0.251783987900323,71.9133503816993,0,80
1161.19912000467,21.3905412632351,0.147940147313947,1986.28861784506,0.000999999998363356,-2.4811484824841,-0.259961882422564,82.2795290752221,0,80
1346.79665245641,24.5124103322446,0.139090484740773,2377.93637708331,0.000999999997858248,-2.37664974619772,-0.268570349488867,91.2662562300564,0,80
1527.76822045145,27.4877914249782,0.173188357672895,2761.84238372027,0.000999999996627646,-1.06303334517525,-0.277426186621613,99.0778547609544,0,80
1704.390024872,30.3296906505464,0.175388559232803,3135.44943085426,0.00099999999984984,-2.7480427565431,-0.286399327096045,105.89651504445,0,80
1876.91384841338,33.0493776274835,0.187996328340117,3497.43409268515,0.000999999998195044,-1.45230464378282,-0.295395232237773,111.878507236311,0,80
2045.56985661645,35.6569845315322,0.19075358291835,3847.2733031034,0.000999999999754461,-0.223917299388797,-0.304348633432788,117.155066968312,0,80
2210.56900892772,38.1616547911774,0.131411961690543,4184.94690803418,0.000999999993420781,-0.688386416791122,-0.31321534651407,121.835201294869,0,80
2372.1051448413,40.5709794843518,0.151118155996887,4510.73904585305,0.000999999999999821,-0.199983780400692,-0.321960885969906,126.009031693819,0,80
2530.35678833455,42.8924903966544,0.13728323251889,4825.10869393783,0.000999999997447619,-3.03870851700799,-0.330567674822828,129.751012163077,0,80
2685.48872784744,45.1324549317661,0.147604169170571,5128.60652517725,0.000999999998902736,-2.79682166493489,-0.339021374748831,133.122741789374,0,80
2837.65339256102,47.2965624610422,0.213573268785166,5421.82189824327,0.000999999996590466,-2.92478074669668,-0.347313642966782,136.175366038152,0,80
2986.99205898566,49.3907151064025,0.168503921603015,5705.35035118668,0.000999999999756455,-0.226438296322033,-0.355445700099158,138.951505370932,0,80
3133.63592475536,51.4188543303546,0.224508660917715,5979.77377853513,0.000999999993663723,-1.875925648179,-0.363410878307994,141.486833222377,0,80
3277.70703686291,53.3861289114522,0.181532531083611,6245.64929999329,0.000999999998628403,-0.759434960208065,-0.37121609087417,143.811462444254,0,80
3419.31913765766,55.2958816759531,0.184335475628624,6503.50303043581,0.000999999999751669,-0.230714758840875,-0.378859947990784,145.950718647352,0,80
3558.57839746042,57.1516433127742,0.243214434980661,6753.82753332831,0.000999999995310976,-1.99352726994643,-0.386345590829745,147.926221158725,0,80
365.970588958934,7.1141505059945,0.0647867786740844,467.30047438389,0.000999999998764971,-2.34697716065528,-0.247842197019903,28.7003205730319,0,90
573.449654455249,10.9900863779982,0.0480885130498551,808.044269047345,0.000999999996486343,-2.9015809409376,-0.252893389547272,43.4534346574827,0,90
774.879068222316,14.6472446519009,0.116268644024768,1175.92568384417,0.000999999996703562,-2.79995418756402,-0.259403127089024,56.4613264930989,0,90
970.671731815745,18.1076301423769,0.192794806305719,1557.60926852875,0.000999999999985145,-2.8533957470572,-0.266948960162711,67.8280602079907,0,90
1161.19912000467,21.3905412632351,0.147940147306054,1943.32561763516,0.000999999993546736,-0.463093773563478,-0.275201740758223,77.7231321441141,0,90
1346.79665245641,24.5124103322446,0.139090484733866,2326.41098111102,0.000999999992265137,-2.20315750713395,-0.28390707836763,86.336031046442,0,90
1527.76822045145,27.4877914249782,0.173188357666744,2702.59676170382,0.000999999993636736,-0.456456920059119,-0.292879430473567,93.850194192676,0,90
1704.390024872,30.3296906505464,0.175388559227229,3069.33187220604,0.000999999995652245,-1.45565593028269,-0.301985930790263,100.430806730578,0,90
1876.91384841338,33.0493776274835,0.187996328335001,3425.23954135201,0.000999999998438839,-0.965226150845263,-0.311129041321132,106.220806283957,0,90
2045.56985661645,35.6569845315322,0.190753582913609,3769.71830073826,0.000999999999484354,-0.37962654767085,-0.320240793513882,111.341169687637,0,90
2210.56900892772,38.1616547911774,0.131411961686113,4102.663237753,0.000999999997060724,-1.26913332019193,-0.329274665740421,115.89307882333,0,90
2372.1051448413,40.5709794843518,0.15111815599272,4424.27711032446,0.000999999999996586,-0.234422583578055,-0.338193939768684,119.960693299533,0,90
2530.35678833455,42.8924903966544,0.137283232514948,4734.94504579828,0.000999999999978175,-2.84648369571835,-0.3469794725428,123.613913187224,0,90
2685.48872784744,45.1324549317661,0.147604169166824,5035.15253160354,0.000999999994260912,-3.01080040288429,-0.355615430078588,126.910845577758,0,90
2837.65339256102,47.2965624610422,0.213573268781591,5325.43285972852,0.00099999999992738,-3.01177219402806,-0.364092290680591,129.899928319365,0,90
2986.99205898566,49.3907151064025,0.168503921599601,5606.33325993979,0.000999999992612397,-2.01160761291461,-0.372410553203787,132.621685077177,0,90
3133.63592475536,51.4188543303546,0.224508660914427,5878.3947843121,0.000999999996852828,-3.11542653742312,-0.380562445712346,135.110163679216,0,90
3277.70703686291,53.3861289114522,0.181532531080444,6142.13957195509,0.000999999999904232,-2.23587751956294,-0.388554772669874,137.394088726867,0,90
3419.31913765766,55.2958816759531,0.184335475625567,6398.06395112037,0.000999999999613447,-0.285108458319275,-0.396385240209555,139.497832075486,0,90
3558.57839746042,57.1516433127742,0.243214434977703,6646.63550353514,0.00099999999965607,-0.858466837152701,-0.40405667668709,141.442145644912,0,90
365.970588958934,7.1141505059945,0.0647867786503011,461.534039204986,0.000999999996554576,-2.47644191843292,-0.26291240015143,27.0552111726224,0,100
573.449654455249,10.9900863779982,0.0480885130344706,795.062192913502,0.000999999999972869,-0.495345218328857,-0.267975013014048,41.0078770195718,0,100
774.879068222316,14.6472446519009,0.116268644013216,1154.48787089358,0.000999999993394976,-2.27255834309551,-0.274511554480074,53.3538367069743,0,100
970.671731815745,18.1076301423769,0.192794806296382,1527.41305274283,0.000999999999954711,-0.198773303738152,-0.282103942004974,64.1842507186861,0,100
1161.19912000467,21.3905412632351,0.147940147298138,1904.65497247683,0.000999999992917019,-1.91473080082198,-0.290424614390213,73.6492025930809,0,100
1346.79665245641,24.5124103322446,0.139090484726978,2279.86161320145,0.000999999999514018,-0.261161746833221,-0.299218314291029,81.9181485943555,0,100
1527.76822045145,27.4877914249782,0.173188357660593,2648.89335720266,0.00099999999994607,-2.60251017011928,-0.308297505203066,89.1567105185415,0,100
1704.390024872,30.3296906505464,0.175388559221646,3009.2201316338,0.000999999999986382,-0.891411686269407,-0.317526895002003,95.5153441422816,0,100
1876.91384841338,33.0493776274835,0.187996328329885,3359.42880044476,0.000999999999631465,-0.243386599075707,-0.326806233689736,101.125297563508,0,100
2045.56985661645,35.6569845315322,0.190753582908867,3698.8552824493,0.000999999997251657,-1.78824723236303,-0.336065080870609,106.098451047531,0,100
2210.56900892772,38.1616547911774,0.131411961681682,4027.32375183595,0.000999999993004781,-0.561048091939576,-0.345254756913895,110.528976145871,0,100
2372.1051448413,40.5709794843518,0.151118155988552,4344.96673913806,0.000999999998714889,-1.15889051374749,-0.354336428263332,114.495649468484,0,100
2530.35678833455,42.8924903966544,0.137283232510995,4652.10444848831,0.000999999996195567,-1.66299232738029,-0.363289483461497,118.064222470684,0,100
2685.48872784744,45.1324549317661,0.147604169163078,4949.16453793877,0.000999999999986955,-3.10853423579912,-0.372096645276023,121.289604474363,0,100
2837.65339256102,47.2965624610422,0.213573268778016,5236.62943031552,0.000999999994992555,-3.25008542300188,-0.380747241322653,124.217741661765,0,100
2986.99205898566,49.3907151064025,0.168503921596178,5515.00286357878,0.000999999993138944,-2.85469485041,-0.389241169142586,126.887182091258,0,100
3133.63592475536,51.4188543303546,0.224508660911139,5784.78816728554,0.000999999991673159,-2.47741673885502,-0.397569425174447,129.330504496923,0,100
3277.70703686291,53.3861289114522,0.181532531077268,6046.47550240979,0.000999999997831578,-3.15565691786392,-0.405738664465845,131.575158068152,0,100
3419.31913765766,55.2958816759531,0.184335475622509,6300.5336606249,0.000999999997430513,-3.03952684509513,-0.413745886357273,133.644547291542,0,100
3558.57839746042,57.1516433127742,0.243214434974745,6547.40657074774,0.000999999997775939,-2.87559437527625,-0.421593491670902,135.558646994932,0,100
365.970588958934,7.1141505059945,0.0647867786265348,456.38867236376,0.00099999999982358,-0.446714670417958,-0.277982331017155,25.5884986645274,0,110
573.449654455249,10.9900863779982,0.0480885130190861,783.442629485671,0.000999999999999454,-0.322462622296395,-0.283055161078887,38.8231266870826,0,110
774.879068222316,14.6472446519009,0.116268644001681,1135.23046187257,0.000999999997935474,-2.59083159798123,-0.289615838234042,50.5712834671258,0,110
970.671731815745,18.1076301423769,0.192794806287045,1500.18582188474,0.000999999996981671,-2.92647258498236,-0.297250375918959,60.9137333683857,0,110
1161.19912000467,21.3905412632351,0.147940147290234,1869.65895549496,0.000999999995818001,-1.57913179283021,-0.305632914093247,69.9844168508417,0,110
1346.79665245641,24.5124103322446,0.139090484720081,2237.59173162928,0.000999999994547433,-3.14559807236798,-0.314507535817593,77.9358442669115,0,110
1527.76822045145,27.4877914249782,0.173188357654434,2599.97559640375,0.000999999998390583,-2.70525595097643,-0.323685083819925,84.9183135058258,0,110
1704.390024872,30.3296906505464,0.175388559216071,2954.3121793622,0.000999999994515913,-2.94771131000853,-0.333028096416574,91.069465239998,0,110
1876.91384841338,33.0493776274835,0.187996328324769,3299.1655224526,0.000999999993414194,-2.64694450219622,-0.342433907596213,96.5102371417601,0,110
2045.56985661645,35.6569845315322,0.190753582904125,3633.82216694392,0.000999999994838575,-0.987358132219177,-0.351829807939909,101.344410640804,0,110
2210.56900892772,38.1616547911774,0.131411961677252,3958.04672225479,0.000999999995342401,-2.88665548373269,-0.361165100273188,105.659862379607,0,110
2372.1051448413,40.5709794843518,0.151118155984385,4271.91117749629,0.000999999992889336,-2.39826579949365,-0.370398981192073,109.530483463509,0,110
2530.35678833455,42.8924903966544,0.137283232507053,4575.67856983765,0.000999999994784637,-3.05678177883625,-0.379509426405254,113.018247801989,0,110
2685.48872784744,45.1324549317661,0.147604169159332,4869.72490485142,0.000999999994636343,-2.92068827609534,-0.388477811619177,116.175116266392,0,110
2837.65339256102,47.2965624610422,0.213573268774441,5154.4869929416,0.000999999999492048,-0.28211154101257,-0.397292337430344,119.044738609727,0,110
2986.99205898566,49.3907151064025,0.168503921592755,5430.42868661929,0.000999999994219792,-3.04655675782863,-0.405952148649194,121.663883959606,0,110
3133.63592475536,51.4188543303546,0.224508660907841,5698.01899305035,0.000999999999963256,-2.71998197956272,-0.414447474425468,124.063620852397,0,110
3277.70703686291,53.3861289114522,0.181532531074101,5957.718250064,0.000999999999646848,-0.227204668755389,-0.422784897442276,126.270189011994,0,110
3419.31913765766,55.2958816759531,0.18433547561946,6209.97019644756,0.000999999992288875,-2.27122188852585,-0.430959430813359,128.306466275959,0,110
3558.57839746042,57.1516433127742,0.243214434971786,6455.19680538544,0.000999999999973495,-0.269067407238308,-0.438974458053727,130.19127255413,0,110
365.970588958934,7.1141505059945,0.0647867786027685,451.76915453575,0.000999999996448917,-3.18358276287054,-0.293051981817822,24.2726579150726,0,120
573.449654455249,10.9900863779982,0.0480885130036906,772.981643688946,0.000999999999286148,-0.433990056532706,-0.298134060900559,36.8595468253601,0,120
774.879068222316,14.6472446519009,0.11626864399013,1117.83631097918,0.00099999999450113,-3.11185702354225,-0.30471657450957,48.065139467648,0,120
970.671731815745,18.1076301423769,0.192794806277707,1475.50844588144,0.000999999996873248,-2.83039671982787,-0.31238947809056,57.9617157820245,0,120
1161.19912000467,21.3905412632351,0.147940147282318,1837.83378694483,0.000999999992956815,-3.35717218297592,-0.320828575104225,66.6696888090268,0,120
1346.79665245641,24.5124103322446,0.139090484713173,2199.03052217248,0.000999999994688706,-3.07350832352127,-0.329777644830871,74.3270828585751,0,120
1527.76822045145,27.4877914249782,0.173188357648283,2555.22067940444,0.000999999992920698,-2.48569038152076,-0.33904603205375,81.0709721582223,0,120
1704.390024872,30.3296906505464,0.175388559210505,2903.94562458727,0.000999999999997303,-0.34145208543218,-0.348494447704205,87.027758549223,0,120
1876.91384841338,33.0493776274835,0.187996328319639,3243.75721195867,0.000999999996506012,-3.04677515389043,-0.358018003123532,92.3092619341935,0,120
2045.56985661645,35.6569845315322,0.190753582899383,3573.90336440482,0.000999999999995253,-0.28771404522386,-0.367541941363453,97.0120155519147,0,120
2210.56900892772,38.1616547911774,0.131411961672808,3894.09888782084,0.000999999999351883,-0.294981142975813,-0.377013692633278,101.218219753883,0,120
2372.1051448413,40.5709794843518,0.151118155980229,4204.363343857,0.000999999996880603,-1.09657769814238,-0.386390569040368,104.997333617934,0,120
2530.35678833455,42.8924903966544,0.137283232503111,4504.9097253113,0.000999999998207638,-0.989225342395799,-0.39564924379504,108.407866486093,0,120
2685.48872784744,45.1324549317661,0.147604169155575,4796.06783737908,0.000999999991199211,-2.61404905829318,-0.404769764635322,111.49907645013,0,120
2837.65339256102,47.2965624610422,0.213573268770856,5078.23299271396,0.000999999997867877,-2.43544100729605,-0.413739264530962,114.312482559907,0,120
2986.99205898566,49.3907151064025,0.168503921589332,5351.83296007101,0.00099999999940042,-0.751862233294558,-0.422556275554127,116.883165541998,0,120
3133.63592475536,51.4188543303546,0.224508660904553,5617.30510743898,0.000999999999081045,-0.287076745820267,-0.431210002521174,119.240866468144,0,120
3277.70703686291,53.3861289114522,0.181532531070934,5875.08242209677,0.000999999993999115,-3.11410230288987,-0.439706273026873,121.410887645434,0,120
3419.31913765766,55.2958816759531,0.184335475616402,6125.58524633566,0.000999999992442689,-0.344467755596799,-0.448040826016987,123.414828437675,0,120
3558.57839746042,57.1516433127742,0.24321443496882,6369.21520699125,0.000999999999996919,-0.631337842785608,-0.456215240979472,125.271227655776,0,120
365.970588958934,7.1141505059945,0.0647867785789852,447.598777805496,0.000999999997412144,-1.61495076661281,-0.308121492444756,23.0855382711494,0,130
573.449654455249,10.9900863779982,0.0480885129882951,763.514066410035,0.000999999995945,-1.62844468730841,-0.313211887752925,35.0851510038179,0,130
774.879068222316,14.6472446519009,0.116268643978578,1102.04697648049,0.000999999997298886,-2.98385130336836,-0.319814271171448,45.7960947091445,0,130
970.671731815745,18.1076301423769,0.192794806268357,1453.03745326289,0.000999999998260045,-2.64633523498633,-0.327522220503862,55.2836693477569,0,130
1161.19912000467,21.3905412632351,0.147940147274414,1808.7643349313,0.000999999994466972,-3.22495180636696,-0.336013315358262,63.6568263386671,0,130
1346.79665245641,24.5124103322446,0.139090484706275,2163.705196797,0.000999999991696345,-3.14000741817955,-0.34503101783859,71.0411790968881,0,130
1527.76822045145,27.4877914249782,0.17318835764214,2514.11083324351,0.000999999995371755,-3.04089294473238,-0.354383573167951,77.5622616456778,0,130
1704.390024872,30.3296906505464,0.175388559204922,2857.56783862546,0.000999999999914324,-2.79396103339641,-0.363930037705649,83.336596346237,0,130
1876.91384841338,33.0493776274835,0.187996328314523,3192.62438470895,0.000999999995096484,-2.6264898834922,-0.373563532014473,88.4678904529899,0,130
2045.56985661645,35.6569845315322,0.190753582894642,3518.49877298786,0.000999999999942288,-3.16429275024489,-0.383207365158874,93.0461879738393,0,130
2210.56900892772,38.1616547911774,0.131411961668378,3834.86419594152,0.000999999999235354,-2.78996745391323,-0.392807286730997,97.1485409773252,0,130
2372.1051448413,40.5709794843518,0.15111815597605,4141.69521876422,0.000999999999991591,-0.317532109832702,-0.402318813956264,100.84037354704,0,130
2530.35678833455,42.8924903966544,0.137283232499169,4439.1600641457,0.000999999999940467,-2.08382871809501,-0.411717367945652,104.177024667845,0,130
2685.48872784744,45.1324549317661,0.147604169151829,4727.54739166386,0.000999999995358993,-1.3824361189209,-0.420981761726452,107.205249811028,0,130
2837.65339256102,47.2965624610422,0.213573268767281,5007.2154646486,0.000999999999476893,-0.314572739729275,-0.430098081351725,109.964597638754,0,130
2986.99205898566,49.3907151064025,0.168503921585899,5278.55875662079,0.000999999995948495,-3.20571443277074,-0.439064230893736,112.488587389302,0,130
3133.63592475536,51.4188543303546,0.224508660901265,5541.98570509099,0.000999999998399681,-0.882121287590867,-0.447868490569956,114.805697236977,0,130
3277.70703686291,53.3861289114522,0.181532531067767,5797.90428115244,0.000999999972677398,-0.711945246930144,-0.456516371367181,116.94022878435,0,130
3419.31913765766,55.2958816759531,0.184335475613336,6046.71244021298,0.000999999993172849,-2.4439908574905,-0.465002911712239,118.91297943136,0,130
3558.57839746042,57.1516433127742,0.243214434965861,6288.79283020597,0.000999999999956398,-3.08209712188051,-0.473329335731907,120.741815472735,0,130
365.970588958934,7.1141505059945,0.064786778555219,443.815074409009,0.000999999997931599,-0.49245485827174,-0.323190802181331,22.0091365781061,0,140
573.449654455249,10.9900863779982,0.0480885129729216,754.904740555815,0.000999999993139132,-3.22809019374985,-0.328288765628719,33.4738423258543,0,140
774.879068222316,14.6472446519009,0.116268643967035,1087.64981452087,0.000999999999167296,-0.488324673711527,-0.334909325499268,43.7319702282634,0,140
970.671731815745,18.1076301423769,0.192794806259019,1432.4885490171,0.000999999999953513,-2.66061198560605,-0.34264941369001,52.8430209390573,0,140
1161.19912000467,21.3905412632351,0.147940147266521,1782.10533948471,0.000999999965108117,-0.753967546367649,-0.35118843399472,60.9061665840385,0,140
1346.79665245641,24.5124103322446,0.139090484699378,2131.22094519993,0.000999999999967308,-3.11199036502342,-0.360269667527753,68.0362865418206,0,140
1527.76822045145,27.4877914249782,0.173188357635981,2476.21197005862,0.000999999998927341,-0.315879229223666,-0.369700447627201,74.3488183511654,0,140
1704.390024872,30.3296906505464,0.175388559199348,2814.7141051574,0.000999999994853265,-3.3035149234745,-0.37933834289167,79.9515556992158,0,140
1876.91384841338,33.0493776274835,0.187996328309407,3145.27861990768,0.000999999991911872,-0.262467197006864,-0.389074738369991,84.9409493043575,0,140
2045.56985661645,35.6569845315322,0.1907535828899,3467.1014790717,0.000999999996016964,-1.30531343039529,-0.398831138029208,89.4012055019761,0,140
2210.56900892772,38.1616547911774,0.131411961663947,3779.82142779454,0.000999999997309775,-3.01249449803926,-0.408551682709605,93.4047181940119,0,140
2372.1051448413,40.5709794843518,0.151118155971883,4083.37386477182,0.00099999999925559,-0.320023744670214,-0.418190245122189,97.013213382102,0,140
2530.35678833455,42.8924903966544,0.137283232495228,4377.88795764954,0.000999999995758404,-3.27764614692477,-0.427721054459535,100.279118714079,0,140
2685.48872784744,45.1324549317661,0.147604169148082,4663.61527026283,0.000999999999496312,-0.531736983338357,-0.437121760573288,103.246873073938,0,140
2837.65339256102,47.2965624610422,0.213573268763717,4940.88026278554,0.000999999999711701,-0.77448890035823,-0.446377408698889,105.954202742698,0,140
2986.99205898566,49.3907151064025,0.168503921582476,5210.04747127238,0.000999999992723138,-0.224145202801486,-0.45548535146192,108.433158054127,0,140
3133.63592475536,51.4188543303546,0.224508660897977,5471.49849213807,0.000999999993330594,-2.83910089607229,-0.464432876183913,110.711056359412,0,140
3277.70703686291,53.3861289114522,0.181532531064609,5725.61791554585,0.000999999994444557,-3.18975151288308,-0.473225230863203,112.811248069083,0,140
3419.31913765766,55.2958816759531,0.184335475610278,5972.7832384555,0.000999999999119397,-3.28988259470667,-0.481856817289553,114.753760228999,0,140
3558.57839746042,57.1516433127742,0.243214434962911,6213.35958850326,0.000999999999990549,-0.327104767002371,-0.49032847302925,116.555832378441,0,140
365.970588958934,7.1141505059945,0.0647867785314441,440.36663914416,0.000999999996296273,-2.98696936590349,-0.338259933628497,21.0286522252157,0,150
573.449654455249,10.9900863779982,0.0480885129575261,747.041965049373,0.000999999999587381,-0.315798263091455,-0.34336489561275,32.0041055984716,0,150
774.879068222316,14.6472446519009,0.116268643955492,1074.46821593553,0.000999999993536022,-3.28776855936974,-0.350002021734971,41.8461715715398,0,150
970.671731815745,18.1076301423769,0.192794806249682,1413.62447386474,0.00099999999619384,-3.28518782319509,-0.357771716989375,50.6094508944049,0,150
1161.19912000467,21.3905412632351,0.147940147258605,1757.56720629935,0.000999999992713921,-2.88202276806909,-0.366355054472746,58.3847308836124,0,150
1346.79665245641,24.5124103322446,0.13909048469248,2101.24516196086,0.000999999999422481,-0.354851573669749,-0.375495296788239,65.2775428664515,0,150
1527.76822045145,27.4877914249782,0.17318835762983,2441.15709174451,0.000999999993067374,-3.11470007013482,-0.384998937842119,71.394460408244,0,150
1704.390024872,30.3296906505464,0.175388559193773,2774.99029724912,0.000999999992715847,-2.45793481812095,-0.394722376372025,76.8354987353668,0,150
1876.91384841338,33.0493776274835,0.187996328304291,3101.30447876438,0.000999999994938302,-3.24228683989565,-0.404555240112492,81.6906428360661,0,150
2045.56985661645,35.6569845315322,0.190753582885144,3419.27951431832,0.00099999999925039,-0.543571906957876,-0.414417533543284,86.0387933557568,0,150
2210.56900892772,38.1616547911774,0.131411961659529,3728.52546825745,0.000999999994748845,-3.30135962450031,-0.424251844718323,89.9481175303291,0,150
2372.1051448413,40.5709794843518,0.151118155967715,4028.94398103283,0.000999999994019163,-3.26767621622547,-0.434010489766583,93.4769560666076,0,150
2530.35678833455,42.8924903966544,0.137283232491274,4320.62992445515,0.000999999996055269,-2.91764559597219,-0.443666617432709,96.6750454312999,0,150
2685.48872784744,45.1324549317661,0.147604169144336,4603.80135674252,0.000999999999865201,-0.122886529441889,-0.453196655668807,99.5847042718427,0,150
2837.65339256102,47.2965624610422,0.213573268760142,4878.75243284781,0.000999999993206368,-2.47260522557634,-0.4625847505171,102.241940332403,0,150
2986.99205898566,49.3907151064025,0.168503921579052,5145.81965889671,0.000999999999458418,-0.300559590638146,-0.471827680656316,104.677442912424,0,150
3133.63592475536,51.4188543303546,0.224508660894688,5405.36054167336,0.000999999992355423,-3.11874816199466,-0.480911792110768,106.917433038363,0,150
3277.70703686291,53.3861289114522,0.181532531061442,5657.73779241812,0.000999999998002013,-0.776621309555528,-0.489842084918176,108.984365686692,0,150
3419.31913765766,55.2958816759531,0.184335475607221,5903.3099323717,0.000999999999575395,-0.34125642665331,-0.498612286661075,110.8975513745,0,150
3558.57839746042,57.1516433127742,0.243214434959953,6142.4255843254,0.00099999999282531,-2.81442239912764,-0.507222827385324,112.673642090177,0,150
365.970588958934,7.1141505059945,0.0647867785076779,437.210803976002,0.000999999997355657,-3.2779514747443,-0.353328914508713,20.1318098064169,0,160
573.449654455249,10.9900863779982,0.0480885129421306,739.83262652852,0.000999999994007723,-2.01151653099863,-0.358440285910883,30.6580672149568,0,160
774.879068222316,14.6472446519009,0.11626864394394,1062.35426707148,0.000999999995445843,-3.18161329167877,-0.365092728221691,40.1165060811948,0,160
970.671731815745,18.1076301423769,0.192794806240345,1396.24556816292,0.000999999991249116,-2.80574954546728,-0.372889767450786,48.5575945571511,0,160
1161.19912000467,21.3905412632351,0.147940147250701,1734.90522156262,0.00099999999298311,-3.24391681406257,-0.381514159488914,56.0648687112849,0,160
1346.79665245641,24.5124103322446,0.139090484685583,2073.4956946192,0.000999999998880887,-0.610005795351104,-0.39070932730926,62.7356672057232,0,160
1527.76822045145,27.4877914249782,0.17318835762367,2408.63373722149,0.000999999992985795,-3.16245857630117,-0.400281045740128,68.6687309266958,0,160
1704.390024872,30.3296906505464,0.17538855918819,2738.05991801227,0.000999999999398422,-0.348624813955965,-0.410084633586803,73.9571497358417,0,160
1876.91384841338,33.0493776274835,0.187996328299175,3060.34651351455,0.00099999999998372,-2.94870633549727,-0.420008212779547,78.6850747721684,0,160
2045.56985661645,35.6569845315322,0.190753582880416,3374.66237346632,0.000999999998959158,-3.12387867343585,-0.429970288062922,82.9266242841304,0,160
2210.56900892772,38.1616547911774,0.131411961655099,3680.59405712809,0.000999999999567555,-0.558159457760958,-0.439912135736759,86.7460833451817,0,160
2372.1051448413,40.5709794843518,0.151118155963548,3978.01421734154,0.000999999999985091,-0.378742621832083,-0.449784487685147,90.1987075924928,0,160
2530.35678833455,42.8924903966544,0.137283232487344,4266.9868482328,0.00099999999384155,-3.14834314031488,-0.459559472484966,93.3317513068206,0,160
2685.48872784744,45.1324549317661,0.147604169140601,4547.70059021191,0.000999999994723867,-3.17641857639342,-0.469212457102944,96.1855429210604,0,160
2837.65339256102,47.2965624610422,0.213573268756567,4820.42162338238,0.000999999999146387,-0.452233486797869,-0.478726654997101,98.7945040606303,0,160
2986.99205898566,49.3907151064025,0.168503921575629,5085.46146334708,0.000999999999938692,-0.165119192452776,-0.488098285291512,101.188052887555,0,160
3133.63592475536,51.4188543303546,0.22450866089139,5343.15464169836,0.000999999994120001,-3.20241706716746,-0.49731279663328,103.391375967902,0,160
3277.70703686291,53.3861289114522,0.181532531058266,5593.84400348662,0.00099999999628187,-0.243049877257876,-0.506374937969345,105.426088276683,0,160
3419.31913765766,55.2958816759531,0.184335475604163,5837.87056360198,0.00099999999175425,-0.506782402093828,-0.515277778707468,107.310821387765,0,160
3558.57839746042,57.1516433127742,0.243214434956994,6075.56696668554,0.000999999995391321,-3.32277314546081,-0.524021349781093,109.06166959925,0,160
365.970588958934,7.1141505059945,0.0647867784838946,434.311836646201,0.000999999997029463,-3.04964485916916,-0.368397853005601,19.3083386560598,0,170
573.449654455249,10.9900863779982,0.0480885129267571,733.198478564042,0.000999999994066629,-3.31048572207431,-0.373515012350706,29.4207354848863,0,170
774.879068222316,14.6472446519009,0.116268643932397,1051.1831382764,0.000999999992236858,-2.93759261106757,-0.380181634943768,38.5243349644572,0,170
970.671731815745,18.1076301423769,0.192794806231007,1380.1826207786,0.000999999992384287,-3.097546971486,-0.388003981638115,46.6660936466169,0,170
1161.19912000467,21.3905412632351,0.147940147242797,1713.9110521186,0.000999999999834154,-0.235683252205394,-0.396666614635221,53.9232203418616,0,170
1346.79665245641,24.5124103322446,0.139090484678685,2047.73144257126,0.000999999999985905,-3.20615448013353,-0.405912992123002,60.3858728542914,0,170
1527.76822045145,27.4877914249782,0.173188357617519,2378.37413757341,0.000999999994023533,-3.31224845685408,-0.415548451602076,66.1458160149884,0,170
1704.390024872,30.3296906505464,0.175388559182616,2703.63375380414,0.00099999999996685,-3.36028224340671,-0.425427285749501,71.2899516943643,0,170
1876.91384841338,33.0493776274835,0.18799632829406,3022.0983547255,0.000999999992542725,-3.22604843297967,-0.435436329544009,75.8971527756983,0,170
2045.56985661645,35.6569845315322,0.190753582875675,3332.93017771375,0.000999999997566828,-3.30087977989191,-0.445492639111241,80.0372024163372,0,170
2210.56900892772,38.1616547911774,0.131411961650668,3635.69652872895,0.000999999999365732,-0.36248845160742,-0.455536255222151,83.7708400894858,0,170
2372.1051448413,40.5709794843518,0.15111815595938,3930.24498894225,0.000999999993797764,-3.29149619084526,-0.465516440627387,87.1504762102084,0,170
2530.35678833455,42.8924903966544,0.137283232483402,4216.61263663642,0.000999999999234424,-0.333007583895963,-0.47540442954642,90.2210575479442,0,170
2685.48872784744,45.1324549317661,0.147604169136854,4494.9612522059,0.000999999995946242,-1.44370638236258,-0.485174449936937,93.0210874410975,0,170
2837.65339256102,47.2965624610422,0.213573268752992,4765.53189608821,0.000999999999250252,-3.11832024772853,-0.494808842030641,95.5835030492728,0,170
2986.99205898566,49.3907151064025,0.168503921572206,5028.61283784052,0.000999999999464953,-0.349315091160064,-0.504303366797963,97.9365167042197,0,170
3133.63592475536,51.4188543303546,0.224508660888112,5284.51793926401,0.000999999992019591,-2.02562159100816,-0.513642555718246,100.104350307312,0,170
3277.70703686291,53.3861289114522,0.181532531055099,5533.57121843069,0.000999999998663337,-1.11434518703668,-0.522830869574116,102.107836430813,0,170
3419.31913765766,55.2958816759531,0.184335475601105,5776.09733133059,0.000999999993247908,-3.28542242815511,-0.53186077980702,103.9649543176,0,170
3558.57839746042,57.1516433127742,0.243214434954036,6012.41446767916,0.000999999991864282,-2.93283181449343,-0.540731992596613,105.691255733442,0,170
365.970588958934,7.1141505059945,0.0647867784601283,431.639601496032,0.000999999997213468,-3.35836689550711,-0.383466561495871,18.5495978534595,0,180
573.449654455249,10.9900863779982,0.0480885129113616,727.07331361372,0.000999999993816188,-3.3438397066377,-0.388589219958337,28.2794421810841,0,180
774.879068222316,14.6472446519009,0.116268643920845,1040.84876171669,0.000999999992491621,-3.2358558786513,-0.39526891894215,37.0538738312789,0,180
970.671731815745,18.1076301423769,0.19279480622167,1365.29124121394,0.000999999993265214,-3.31782267578083,-0.403114784992189,44.9168098429694,0,180
1161.19912000467,21.3905412632351,0.147940147234881,1694.4062983662,0.00099999999999254,-3.32952620789154,-0.411813037285434,51.9399322669081,0,180
1346.79665245641,24.5124103322446,0.139090484671777,2023.74516304089,0.000999999993401515,-0.434657824446999,-0.421107402777253,58.2070278760134,0,180
1527.76822045145,27.4877914249782,0.173188357611377,2350.14734958487,0.000999999999993744,-3.35194154825999,-0.430802640226514,63.8036744865951,0,180
1704.390024872,30.3296906505464,0.175388559177049,2671.46165490554,0.000999999994493738,-0.14459229559346,-0.440752356402104,68.8111820844871,0,180
1876.91384841338,33.0493776274835,0.187996328288944,2986.29459905927,0.000999999999997745,-0.378077960993961,-0.450841992300214,73.3036810942773,0,180
2045.56985661645,35.6569845315322,0.190753582870919,3293.80519062769,0.000999999999924469,-1.8827677227699,-0.460987446010337,77.3469751511037,0,180
2210.56900892772,38.1616547911774,0.131411961646225,3593.54530794914,0.000999999958200419,-0.657238869101131,-0.471127514850062,80.9985695769943,0,180
2372.1051448413,40.5709794843518,0.151118155955201,3885.34105230997,0.000999999992033016,-3.272595356233,-0.481210151722474,84.3082369296262,0,180
2530.35678833455,42.8924903966544,0.13728323247946,4169.20545410165,0.000999999991916717,-3.21754354888427,-0.491205636744059,87.3188074163142,0,180
2685.48872784744,45.1324549317661,0.147604169133097,4445.27648275926,0.0009999999925513,-3.1711175655942,-0.501087228614151,90.0670628876193,0,180
2837.65339256102,47.2965624610422,0.213573268749407,4713.77210204433,0.000999999999996413,-0.212673965726819,-0.510836404178429,92.5845575495092,0,180
2986.99205898566,49.3907151064025,0.168503921568773,4974.95946227252,0.000999999991768733,-2.74126225133532,-0.520448395729636,94.8983905256724,0,180
3133.63592475536,51.4188543303546,0.224508660884824,5229.13306806458,0.000999999995833558,-3.16166155830233,-0.529906899436406,97.0318642483148,0,180
3277.70703686291,53.3861289114522,0.181532531051932,5476.5999750278,0.000999999999970881,-3.00553402070626,-0.53921614363151,99.0050641880163,0,180
3419.31913765766,55.2958816759531,0.184335475598039,5717.66884708443,0.000999999999957202,-0.342127427637244,-0.548367985480763,100.835357168919,0,180
3558.57839746042,57.1516433127742,0.243214434951069,5952.64469254837,0.000999999992868868,-3.31862443871376,-0.557361688312698,102.53780356844,0,180
365.970588958934,7.1141505059945,0.0647867784363535,429.168498050788,0.000999999999194438,-1.10360652733839,-0.398535389833697,17.8482280054565,0,190
573.449654455249,10.9900863779982,0.0480885128959772,721.400691520071,0.000999999996198635,-3.26905990209724,-0.403662983042775,27.2234186428671,0,190
774.879068222316,14.6472446519009,0.116268643909302,1031.26043107146,0.000999999992587293,-2.89685675656138,-0.410354813220058,35.6916604364382,0,190
970.671731815745,18.1076301423769,0.192794806212319,1351.44746055,0.000999999991771319,-2.81424769360702,-0.418222604189782,43.2942408205384,0,190
1161.19912000467,21.3905412632351,0.147940147226977,1676.23723042312,0.000999999992717183,-3.24798497349855,-0.426954145033975,50.0979824461953,0,190
1346.79665245641,24.5124103322446,0.13909048466488,2001.35767452599,0.000999999999970504,-2.86389201253322,-0.436293428257819,56.181021176785,0,190
1527.76822045145,27.4877914249782,0.173188357605217,2323.7531266709,0.000999999999996487,-3.32887198374533,-0.446044905433321,61.6233726473696,0,190
1704.390024872,30.3296906505464,0.175388559171466,2641.32621711156,0.000999999990046807,-3.27152818104071,-0.456061376817965,66.5013355486621,0,190
1876.91384841338,33.0493776274835,0.187996328283828,2952.70396489444,0.000999999994917661,-3.29731233535209,-0.466227207810028,70.8847040109995,0,190
2045.56985661645,35.6569845315322,0.190753582866177,3257.04500383469,0.000999999991723982,-3.05206398710652,-0.476457131513921,74.8356613285338,0,190
2210.56900892772,38.1616547911774,0.131411961641794,3553.88898759379,0.000999999999147701,-0.427852191870477,-0.486688805218109,78.4087375383055,0,190
2372.1051448413,40.5709794843518,0.151118155951033,3843.04364347222,0.000999999996599345,-1.20686773487805,-0.496868918983743,81.65127246706,0,190
2530.35678833455,42.8924903966544,0.137283232475518,4124.50086579537,0.000999999999815221,-0.367329056008053,-0.506966856794314,84.6041310626672,0,190
2685.48872784744,45.1324549317661,0.147604169129351,4398.37690909256,0.000999999999261924,-0.398202320253291,-0.516954932366469,87.3024940978283,0,190
2837.65339256102,47.2965624610422,0.213573268745832,4664.86898471822,0.000999999999186579,-0.417475175417001,-0.526813794042609,89.7766212576007,0,190
2986.99205898566,49.3907151064025,0.168503921565349,4924.22485762043,0.000999999999345513,-0.394955559217062,-0.536538234308981,92.052554595691,0,190
3133.63592475536,51.4188543303546,0.224508660881535,5176.72104174166,0.000999999993645404,-2.89555446743864,-0.546111085603245,94.1527386750697,0,190
3277.70703686291,53.3861289114522,0.181532531048765,5422.6485122951,0.000999999996342112,-3.3739587286326,-0.555536302008979,96.0965623999726,0,190
3419.31913765766,55.2958816759531,0.184335475594981,5662.30164686919,0.000999999993900862,-3.38495260086147,-0.564805204507466,97.9008005497731,0,190
3558.57839746042,57.1516433127742,0.24321443494811,5895.97279260001,0.000999999991368666,-3.06473197312139,-0.573916730694508,99.5800266070372,0,190
365.970588958934,7.1141505059945,0.0647867784125872,426.876642014779,0.000999999999813922,-0.206280362720355,-0.413604022943353,17.1979722425691,0,200
573.449654455249,10.9900863779982,0.0480885128805816,716.132232304375,0.000999999997473069,-3.29867178506539,-0.418736273557994,26.243454584497,0,200
774.879068222316,14.6472446519009,0.116268643897759,1022.34007107216,0.000999999990895575,-2.63130823318406,-0.425439418704775,34.4261580097576,0,200
970.671731815745,18.1076301423769,0.192794806202982,1338.54423200806,0.000999999999224647,-0.406987628069039,-0.433327673279502,41.7850768803742,0,200
1161.19912000467,21.3905412632351,0.147940147219084,1659.27060513548,0.000999999991255377,-2.86994284361968,-0.44209041925417,48.3827297124629,0,200
1346.79665245641,24.5124103322446,0.139090484657972,1980.41329760276,0.000999999990688365,-2.96842558403971,-0.451471900555374,54.292216862448,0,200
1527.76822045145,27.4877914249782,0.173188357599066,2299.01696065689,0.000999999992961442,-3.2238501632531,-0.461276355273787,59.5885549101486,0,200
1704.390024872,30.3296906505464,0.175388559165892,2613.0375028434,0.000999999993045653,-3.24993777358089,-0.47135588687688,64.3435066686148,0,200
1876.91384841338,33.0493776274835,0.187996328278712,2921.12387001004,0.000999999992480718,-3.34011250333881,-0.481593847255183,68.6229232699886,0,200
2045.56985661645,35.6569845315322,0.190753582861436,3222.43690528973,0.00099999999600397,-3.34975838664618,-0.491903888594748,72.4856732346574,0,200
2210.56900892772,38.1616547911774,0.131411961637364,3516.50678936724,0.000999999993876016,-3.26001956648644,-0.502222664060593,75.9835378249266,0,200
2372.1051448413,40.5709794843518,0.151118155946866,3803.12525944807,0.00099999999993537,-1.07072348707462,-0.512495633308285,79.1616100657535,0,200
2530.35678833455,42.8924903966544,0.137283232471576,4082.26582862111,0.00099999999744442,-3.35968737327104,-0.52269129879522,82.0589332470617,0,200
2685.48872784744,45.1324549317661,0.147604169125605,4354.02523389614,0.000999999999210697,-3.26962762205266,-0.532781155553592,84.7091802353118,0,200
2837.65339256102,47.2965624610422,0.213573268742257,4618.58161701907,0.000999999992331585,-3.22817513302938,-0.542744993403249,87.1414071726132,0,200
2986.99205898566,49.3907151064025,0.168503921561936,4876.16502919433,0.000999999991708572,-3.13768454642572,-0.552577187495982,89.3806625101943,0,200
3133.63592475536,51.4188543303546,0.224508660878247,5127.03526521994,0.000999999999992822,-0.403986391743577,-0.562259745717429,91.4485782096079,0,200
3277.70703686291,53.3861289114522,0.181532531045597,5371.46867783251,0.00099999999246578,-3.26840602761205,-0.571796396718773,93.3638778030219,0,200
3419.31913765766,55.2958816759531,0.184335475591923,5609.746234136,0.000999999992215949,-1.87489045872755,-0.581177859630485,95.1427876332343,0,200
3558.57839746042,57.1516433127742,0.243214434945152,5842.14743255307,0.00099999999624059,-1.5994805796179,-0.590402657138264,96.7994344568035,0,200
365.970588958934,7.1141505059945,0.0647867783888039,424.745209128439,0.000999999996373906,-3.36466996357651,-0.428672433710863,16.5934404608716,0,210
573.449654455249,10.9900863779982,0.0480885128651971,711.226206845604,0.000999999998376679,-3.0392705170372,-0.433809216214935,25.3316111489784,0,210
774.879068222316,14.6472446519009,0.116268643886207,1014.02017982117,0.000999999999967094,-3.06343257195939,-0.440522864178672,33.2474108448559,0,210
970.671731815745,18.1076301423769,0.192794806193645,1326.48868913176,0.00099999999980075,-0.37571448040857,-0.448430273634051,40.3778049943909,0,210
1161.19912000467,21.3905412632351,0.147940147211168,1643.39046923097,0.000999999999924043,-0.731188654092406,-0.457222314836447,46.7814902491941,0,210
1346.79665245641,24.5124103322446,0.139090484651085,1960.77598730786,0.000999999992211406,-3.30013995178487,-0.46664349959218,52.5270583511266,0,210
1527.76822045145,27.4877914249782,0.173188357592915,2275.78589833644,0.00099999999213287,-3.27746358658505,-0.476497946116155,57.685015536847,0,210
1704.390024872,30.3296906505464,0.175388559160309,2586.42863787858,0.000999999999985782,-3.27128146643002,-0.48663714775629,62.3230075845652,0,210
1876.91384841338,33.0493776274835,0.187996328273596,2891.37612355574,0.000999999994792705,-3.26034772929595,-0.496943522810372,66.503286813338,0,210
2045.56985661645,35.6569845315322,0.190753582856694,3189.79336806129,0.000999999995783081,-3.33210163050455,-0.507329700256364,70.281681741713,0,210
2210.56900892772,38.1616547911774,0.131411961632933,3481.20342803893,0.000999999999997237,-3.23864066517959,-0.517731396815705,73.7074379222191,0,210
2372.1051448413,40.5709794843518,0.151118155942699,3765.38472136905,0.000999999991616317,-3.23710741695717,-0.528092890558534,76.8235668566784,0,210
2530.35678833455,42.8924903966544,0.137283232467623,4042.29415476574,0.000999999999924079,-3.2537804382165,-0.538381987229228,79.6673949241776,0,210
2685.48872784744,45.1324549317661,0.147604169121859,4312.01108901019,0.000999999998841034,-2.0575282322771,-0.548569202458375,82.2712152441547,0,210
2837.65339256102,47.2965624610422,0.213573268738682,4574.69640178597,0.000999999994576755,-3.05663638315475,-0.55863359700846,84.6629395623897,0,210
2986.99205898566,49.3907151064025,0.168503921558513,4830.56427611445,0.000999999998323324,-3.36146985330123,-0.568569133394366,86.8666837602435,0,210
3133.63592475536,51.4188543303546,0.224508660874959,5079.85713168877,0.000999999994256352,-3.36847810800249,-0.578357007860868,88.9033134059121,0,210
3277.70703686291,53.3861289114522,0.181532531042422,5322.83955413511,0.000999999999955263,-2.99081498464074,-0.588000815602949,90.7909096294534,0,210
3419.31913765766,55.2958816759531,0.184335475588866,5559.77930755719,0.000999999999413497,-0.403830914894159,-0.59749055881221,92.5451973431647,0,210
3558.57839746042,57.1516433127742,0.243214434942194,5790.9451084944,0.0009999999947147,-3.263171072514,-0.606824465188139,94.1798602254123,0,210
365.970588958934,7.1141505059945,0.0647867783650377,422.757925859162,0.000999999999996523,-0.342493548119056,-0.443741069130852,16.029957560446,0,220
573.449654455249,10.9900863779982,0.0480885128498127,706.646459016439,0.000999999999128419,-0.823875881102125,-0.448881793020618,24.4810249577094,0,220
774.879068222316,14.6472446519009,0.116268643874672,1006.24204215354,0.000999999999980411,-0.725961230212958,-0.455605300640343,32.1467828212621,0,220
970.671731815745,18.1076301423769,0.192794806184307,1315.19976311951,0.000999999999987979,-0.494275087154176,-0.463530646790882,39.0624228791188,0,220
1161.19912000467,21.3905412632351,0.147940147203264,1628.49529266052,0.000999999996893544,-3.19609083883631,-0.472350215635575,45.2832253595087,0,220
1346.79665245641,24.5124103322446,0.139090484644187,1942.32638077878,0.000999999993751511,-3.31279644980734,-0.481808880460733,50.8737205275495,0,220
1527.76822045145,27.4877914249782,0.173188357586755,2253.92553946732,0.00099999999927473,-0.420630669022465,-0.491710591773687,55.9003443993941,0,220
1704.390024872,30.3296906505464,0.175388559154735,2561.35258701578,0.000999999992896896,-3.27511168512088,-0.501906300551476,60.4269972646876,0,220
1876.91384841338,33.0493776274835,0.18799632826848,2863.30328355703,0.000999999999959466,-0.385433010886947,-0.512277646094442,64.5126288047924,0,220
2045.56985661645,35.6569845315322,0.190753582851952,3158.94850716155,0.000999999999335018,-0.438992331774869,-0.522736283662907,68.2102728390786,0,220
2210.56900892772,38.1616547911774,0.131411961628503,3447.80625430657,0.000999999995441493,-3.325092451916,-0.533216992632444,71.5668392389113,0,220
2372.1051448413,40.5709794843518,0.151118155938531,3729.64347589039,0.000999999992334023,-3.33024429095489,-0.543663034500222,74.6233915308487,0,220
2530.35678833455,42.8924903966544,0.137283232463681,4004.40268448124,0.000999999991960933,-3.14918354858368,-0.554041471463097,77.4156676094946,0,220
2685.48872784744,45.1324549317661,0.147604169118112,4272.14743650595,0.000999999999285525,-0.419966864965942,-0.564321939140804,79.9746595010656,0,220
2837.65339256102,47.2965624610422,0.213573268735108,4533.02289066957,0.000999999996030189,-3.23848329397581,-0.574482770274437,82.327207895987,0,220
2986.99205898566,49.3907151064025,0.16850392155509,4787.22717833083,0.000999999999929563,-3.00700509128376,-0.584517578201329,84.4965437282212,0,220
3133.63592475536,51.4188543303546,0.224508660871661,5034.99120943622,0.000999999998173799,-0.579594706987317,-0.594406720744097,86.5028145475709,0,220
3277.70703686291,53.3861289114522,0.181532531039254,5276.56382925641,0.000999999992866882,-3.3563509988902,-0.604153522112731,88.3635151621247,0,220
3419.31913765766,55.2958816759531,0.184335475585817,5512.20256326443,0.000999999991385239,-2.98182717584538,-0.613747584485259,90.0938481449776,0,220
3558.57839746042,57.1516433127742,0.243214434939236,5742.164725987,0.000999999993832352,-3.26120797870364,-0.623186685111137,91.7070994586292,0,220
365.970588958934,7.1141505059945,0.0647867783412714,420.90064593132,0.000999999997237118,-3.39447775089268,-0.458809277093843,15.5035019148978,0,230
573.449654455249,10.9900863779982,0.0480885128344171,702.361473942421,0.000999999999953871,-2.21723736777259,-0.463954025962177,23.6857226429028,0,230
774.879068222316,14.6472446519009,0.116268643863121,998.954373308007,0.000999999993363435,-1.84001754775848,-0.470686780600708,31.1167537639691,0,230
970.671731815745,18.1076301423769,0.19279480617497,1304.60646689718,0.000999999999971215,-3.09134170518346,-0.478628982032091,37.8302000549622,0,230
1161.19912000467,21.3905412632351,0.147940147195348,1614.49590336688,0.000999999990404813,-3.2421423418615,-0.48747452032685,43.8782754202273,0,230
1346.79665245641,24.5124103322446,0.13909048463728,1924.95930338002,0.000999999999984834,-3.26983373392836,-0.496968581658389,49.3218509919678,0,230
1527.76822045145,27.4877914249782,0.173188357580604,2233.31701824559,0.000999999995178625,-3.06831503921651,-0.506914992451682,54.2236703081988,0,230
1704.390024872,30.3296906505464,0.175388559149168,2537.67915932626,0.000999999999895926,-3.25062201968461,-0.517164355397084,58.6442014691052,0,230
1876.91384841338,33.0493776274835,0.18799632826335,2836.76579474758,0.000999999995307399,-3.3864625879477,-0.527597398101048,62.6393870523952,0,230
2045.56985661645,35.6569845315322,0.19075358284721,3129.7549638808,0.000999999996396316,-0.339733978741873,-0.538125116037756,66.2596549926395,0,230
2210.56900892772,38.1616547911774,0.13141196162406,3416.16143249556,0.000999999990923185,-3.27695814869838,-0.548681283943979,69.5497657891366,0,230
2372.1051448413,40.5709794843518,0.151118155934376,3695.74256434684,0.000999999992278061,-3.14415993312497,-0.559208161418653,72.5489760046378,0,230
2530.35678833455,42.8924903966544,0.137283232459739,3968.42807977765,0.000999999983000737,-1.29766389286812,-0.569672121710901,75.2915383464,0,230
2685.48872784744,45.1324549317661,0.147604169114356,4234.2673860484,0.000999999999269295,-3.36921220262425,-0.580041938804347,77.8072272235993,0,230
2837.65339256102,47.2965624610422,0.213573268731523,4493.39134845174,0.000999999999329286,-0.495343613768912,-0.590295411308515,80.1218534906145,0,230
2986.99205898566,49.3907151064025,0.168503921551666,4745.98404907852,0.000999999999207474,-1.60778062684013,-0.600425598872127,82.25784376812,0,230
3133.63592475536,51.4188543303546,0.224508660868373,4992.26340697079,0.000999999994422819,-3.12067777745557,-0.610412137875125,84.2346525240279,0,230
3277.70703686291,53.3861289114522,0.181532531036087,5232.46621876521,0.000999999999528672,-2.46074378988669,-0.620258239984076,86.0691974246457,0,230
3419.31913765766,55.2958816759531,0.184335475582759,5466.83856378685,0.000999999999254885,-0.422088792517837,-0.629952819140963,87.7762270376961,0,230
3558.57839746042,57.1516433127742,0.243214434936269,5695.62836913934,0.000999999995113534,-3.36439346179647,-0.63949335224539,89.3686276989615,0,230
365.970588958934,7.1141505059945,0.0647867783174881,419.161015794034,0.000999999998184631,-0.257319992121715,-0.473877879570091,15.0105139164746,0,240
573.449654455249,10.9900863779982,0.0480885128190216,698.34367393634,0.000999999996677268,-3.38710102239419,-0.47902584545909,22.9404874124689,0,240
774.879068222316,14.6472446519009,0.116268643851569,992.112156087323,0.000999999999995115,-2.80749206619466,-0.48576740423555,30.1507357722976,0,240
970.671731815745,18.1076301423769,0.192794806165619,1294.64630164236,0.000999999999988265,-0.473765082780864,-0.493725509636254,36.673475015939,0,240
1161.19912000467,21.3905412632351,0.147940147187444,1601.31360380955,0.000999999998345807,-0.628271009924171,-0.502595559080055,42.5581580991045,0,240
1346.79665245641,24.5124103322446,0.139090484630382,1908.58172799672,0.000999999995000987,-3.34972921292142,-0.5121230496385,47.8623454842578,0,240
1527.76822045145,27.4877914249782,0.173188357574462,2213.85503383556,0.000999999999871225,-3.37554294843914,-0.522111833357628,52.6454097931752,0,240
1704.390024872,30.3296906505464,0.175388559143585,2515.29265829772,0.000999999998627001,-3.38480733883534,-0.532412168430042,56.9646834706651,0,240
1876.91384841338,33.0493776274835,0.187996328258234,2811.63921613519,0.000999999991658119,-2.99713313006224,-0.542904093670051,60.873325533583,0,240
2045.56985661645,35.6569845315322,0.190753582842469,3102.08123081245,0.0009999999946892,-3.40762448771433,-0.553497523703473,64.4194111167146,0,240
2210.56900892772,38.1616547911774,0.131411961619629,3386.13158355624,0.000999999999965929,-3.2210752289224,-0.564125871815227,67.6456384962193,0,240
2372.1051448413,40.5709794843518,0.151118155930196,3663.53971313803,0.000999999992561088,-2.37980015825869,-0.574730106869856,70.5896193698897,0,240
2530.35678833455,42.8924903966544,0.137283232455797,3934.22412319688,0.000999999992950762,-3.34465543063685,-0.585275992223325,73.2842128612295,0,240
2685.48872784744,45.1324549317661,0.147604169110609,4198.22146144488,0.000999999999974995,-3.33223305069216,-0.595731654754357,75.7580272452965,0,240
2837.65339256102,47.2965624610422,0.213573268727948,4455.64933740426,0.000999999993955392,-3.25619902171248,-0.606074045670888,78.0359475857357,0,240
2986.99205898566,49.3907151064025,0.168503921548233,4706.67931208671,0.000999999995388205,-2.80344942254346,-0.616296016619953,80.139598138704,0,240
3133.63592475536,51.4188543303546,0.224508660865085,4951.51691729422,0.000999999993620028,-3.38816874233542,-0.626376324710115,82.0877997809975,0,240
3277.70703686291,53.3861289114522,0.18153253103292,5190.38775907182,0.000999999992325312,-3.21284310871146,-0.636318131089594,83.8969161856921,0,240
3419.31913765766,55.2958816759531,0.184335475579693,5423.52760789807,0.000999999991411762,-3.38705568606877,-0.646109654211474,85.5812652164202,0,240
3558.57839746042,57.1516433127742,0.24321443493331,5651.17497776059,0.000999999999951463,-1.90326136604778,-0.655748255984852,87.1533287220737,0,240
365.970588958934,7.1141505059945,0.0647867782937218,417.528200928618,0.000999999999997649,-0.845665172819917,-0.488946206058483,14.5479204416686,0,250
573.449654455249,10.9900863779982,0.0480885128036482,694.56882072421,0.000999999996173574,-2.71878522378082,-0.494097656987652,22.2407174423753,0,250
774.879068222316,14.6472446519009,0.116268643840026,985.675742075239,0.000999999990606282,-3.35209357695378,-0.500847196681215,29.2429402599463,0,250
970.671731815745,18.1076301423769,0.192794806156282,1285.2640696357,0.00099999999986625,-0.466723344950371,-0.508820339386171,35.5855077731767,0,250
1161.19912000467,21.3905412632351,0.147940147179551,1588.87866201868,0.000999999992729399,-3.16898007707426,-0.517713536592232,41.3153988671722,0,250
1346.79665245641,24.5124103322446,0.139090484623484,1893.11102235302,0.000999999997861258,-3.385276592188,-0.527272738661816,46.4871565225525,0,250
1527.76822045145,27.4877914249782,0.173188357568302,2195.4457787335,0.000999999995889687,-3.40407716405402,-0.537301768140062,51.1570835140397,0,250
1704.390024872,30.3296906505464,0.175388559138011,2494.08981153279,0.000999999997146716,-2.97884419164004,-0.547650673399883,55.3796281528607,0,250
1876.91384841338,33.0493776274835,0.187996328253118,2787.81251598124,0.000999999998719509,-0.478514874408841,-0.558198603289783,59.2054108210085,0,250
2045.56985661645,35.6569845315322,0.190753582837727,3075.80966411493,0.000999999996052624,-3.39296153580094,-0.568854908957009,62.680279224295,0,250
2210.56900892772,38.1616547911774,0.131411961615199,3357.59362294738,0.000999999993129635,-3.35228667885061,-0.579552188062735,65.8450706893948,0,250
2372.1051448413,40.5709794843518,0.151118155926029,3632.90733537241,0.000999999999985613,-2.76566322019366,-0.590230544284278,68.7358183632253,0,250
2530.35678833455,42.8924903966544,0.137283232451856,3901.65942088274,0.000999999993624233,-3.35156281972951,-0.600855062691597,71.3840875443798,0,250
2685.48872784744,45.1324549317661,0.147604169106863,4163.87507581039,0.000999999999945631,-3.16524866333281,-0.611393165099479,73.8174018095589,0,250
2837.65339256102,47.2965624610422,0.213573268724383,4419.65997754073,0.000999999991422765,-2.60660078460204,-0.621821107590311,76.059757193401,0,250
2986.99205898566,49.3907151064025,0.16850392154481,4669.17373180537,0.00099999999999666,-0.428883455966824,-0.63213141140217,78.1320374458976,0,250
3133.63592475536,51.4188543303546,0.224508660861797,4912.61078553719,0.000999999999965858,-3.40497061353737,-0.642302098602566,80.0524464145806,0,250
3277.70703686291,53.3861289114522,0.181532531029762,5150.18603966221,0.000999999991446447,-3.15553635769545,-0.652336217577464,81.8368311814933,0,250
3419.31913765766,55.2958816759531,0.184335475576635,5382.12567970197,0.000999999993710865,-3.34369232701455,-0.662221400370774,83.4990860231943,0,250
3558.57839746042,57.1516433127742,0.24321443493036,5608.65933805511,0.000999999993999961,-3.39846100469396,-0.671954583239573,85.0513483176946,0,250
