IDvec,vehNum,time,Tm,X,V,A,timeGap
"ACC_5","1",0,0,0,0,0,NaN
"ACC_5","1",2.2731620858893,0.59608424571062,0.000467512151557822,0.00679839490567638,0.0721591393254951,4.83782184577893
"ACC_5","1",2.7502170447821,1.22286949232805,0.0219959585390992,0.10636689197576,0.35573500556187,2.15865082115845
"ACC_5","1",3.23025290328324,1.73873688432094,0.125037794925442,0.345576003364365,0.643912277235912,1.62693781233875
"ACC_5","1",3.71371320825117,2.20485909903679,0.379692294777929,0.732670697919885,0.948792792255236,1.41352633352407
"ACC_5","1",4.21526145730054,2.46047181474612,0.877385891363661,1.27168076600305,1.18675011446213,1.27123792090544
"ACC_5","1",4.7119227166534,2.57622106678418,1.66335196918375,1.90791658621795,1.36308963801114,1.17822250213086
"ACC_5","1",5.1688288982682,2.6533511201375,2.68137736570608,2.55588960708615,1.46319061757644,1.11327879449461
"ACC_5","1",5.6723913268142,2.63536292345418,4.15687570844514,3.30902350412539,1.51932428343287,1.056600677818
"ACC_5","1",6.17562194892801,2.59806294329334,6.01560663864346,4.07977569889889,1.53884614541939,1.01107727622855
"ACC_5","1",6.63643070710099,2.61011238715652,8.05911168590686,4.78943238340315,1.53844757426306,0.976505882015234
"ACC_5","1",7.13923375478451,2.48079411270077,10.6614595063712,5.56098835023529,1.52548339335277,0.944319573690424
"ACC_5","1",7.61787673354234,2.39760441686676,13.4958872438753,6.27749465234303,1.46154651520991,0.91538388285392
"ACC_5","1",8.10459978204211,2.20846100667047,16.7216443869421,6.9717088687608,1.38876041360695,0.889165698309487
"ACC_5","1",8.60643169659283,1.9145038645837,20.3906203420549,7.64060908617437,1.27126499662662,0.863088368185932
"ACC_5","1",9.09020849550836,1.93638326341664,24.2313740322439,8.22907144792608,1.16371959741829,0.840553103644258
"ACC_5","1",9.56631021798956,1.7005069600891,28.2780077647211,8.76337172607561,1.08216520230097,0.821102565564746
"ACC_5","1",10.0341573895038,1.63853807776571,32.4941138530729,9.25567186256636,1.02594849661108,0.80458605257375
"ACC_5","1",10.5376383163281,1.61630414168202,37.2824918113179,9.76244958424707,0.990447835407056,0.789435120908694
"ACC_5","1",11.0341619632796,1.62249762369121,42.2510249896691,10.2493868507901,0.972446054798438,0.776710080791055
"ACC_5","1",11.5,1.42974766409346,47.1298580004732,10.693352996227,0.925961189974968,0.764963854666614
"ACC_5","1",12,1.33515882368788,52.5895768077177,11.1402539716678,0.86326549620563,0.752812966208464
"ACC_5","1",12.5,1.05807327546198,58.2643138089988,11.550612525335,0.768874087431274,0.740327502355453
"ACC_5","1",12.9713361802579,0.943126713030335,63.7901772954087,11.8894421761023,0.672606983631479,0.728637159844941
"ACC_5","1",13.4778592228648,0.699170930664661,69.8944785713345,12.2040104215813,0.564362627298579,0.716230775471099
"ACC_5","1",13.9487822273593,0.604623212801227,75.7004234040557,12.4462269475607,0.469255362487597,0.705049922296162
"ACC_5","1",14.440820697179,0.599951825971631,81.8784008451472,12.6608907191902,0.41225458845262,0.694977200961924
"ACC_5","1",14.9484909798189,0.612368304194463,88.3579204265502,12.86394192047,0.392457859706444,0.686548176571733
"ACC_5","1",15.4135651692246,0.64905045368435,94.3828524655442,13.0454373809262,0.389925593052619,0.68021497911001
"ACC_5","1",15.9050632040742,0.654837899298965,100.841885447332,13.2379761184503,0.394456457380271,0.674678354113712
"ACC_5","1",16.3785472104951,0.53574038535244,107.154040013791,13.4236153697978,0.382179592595172,0.669685505043306
"ACC_5","1",16.8849298406695,0.474063901024412,113.998841712901,13.6071420114902,0.342994665061714,0.664069401466532
"ACC_5","1",17.370380421905,0.488982543576208,120.643601270541,13.7665503107445,0.319098999151871,0.659290432344552
"ACC_5","1",17.8402635086742,0.517967974469034,127.147261539053,13.9152847987238,0.316282530815101,0.655605370944747
"ACC_5","1",18.3566246000874,0.427781635162534,134.374824540477,14.0788817564786,0.316104651865282,0.652179917570476
"ACC_5","1",18.8371701896457,0.458570091916519,141.176453100051,14.228347735305,0.307007863605884,0.649197315035441
"ACC_5","1",19.306883707444,0.468311730425365,147.893253505802,14.3706823262657,0.300161331645869,0.646604957706132
"ACC_5","1",19.8133928328186,0.472313211381502,155.210423302095,14.5215685134531,0.296633872826205,0.644199662887087
"ACC_5","1",20.2716431509469,0.410233395323528,161.896003126658,14.6568703048048,0.292852761094782,0.642252415926206
"ACC_5","1",20.7778249340939,0.38240428992748,169.351919574779,14.801355913309,0.278814958863613,0.640039046235044
"ACC_5","1",21.2769159204346,0.413879634917599,176.773270996309,14.9371431084099,0.266788800050696,0.638009988312
"ACC_5","1",21.7372088553466,0.373809514663344,183.676722862977,15.0582721355207,0.260855220660928,0.63635809903248
"ACC_5","1",22.2477259260223,0.277596307116048,191.397968089388,15.189979109956,0.255455897050684,0.634704006725981
"ACC_5","1",22.7212565719199,0.250376521431942,198.618881271479,15.3070268596086,0.241001170115458,0.633043973619801
"ACC_5","1",23.2022465242602,0.265035229231723,206.008598088374,15.4188181987668,0.223284520173647,0.631312821639294
"ACC_5","1",23.7119220681617,0.147962394774632,213.894594659503,15.5231045021951,0.186340060348243,0.628918914205089
"ACC_5","1",24.1746643062133,0.166943280633006,221.096494722368,15.6015525049725,0.154223334164101,0.626618322933313
"ACC_5","1",24.6691211647796,0.0970167433766154,228.828180162362,15.6690441901018,0.120201094384997,0.624003013947854
"ACC_5","1",25.1750898384905,0.167928246074109,236.770362311932,15.7230763332472,0.100992631702003,0.621618375493129
"ACC_5","1",25.6525409839308,0.241420684838169,244.289971596987,15.7790790071565,0.140679932605459,0.621003006670197
"ACC_5","1",26.1357986223963,0.287555822786934,251.933633868106,15.8586789385061,0.186021568524271,0.621254434793185
"ACC_5","1",26.6123811775885,0.0985878425974871,259.512629122313,15.9457521055416,0.173640958946559,0.620550084713359
"ACC_5","1",27.1074060537307,0.0299563595041019,267.425918785048,16.0226130346078,0.13757172401788,0.619086125428326
"ACC_5","1",27.6112807212881,-0.0782782990159374,275.514047345718,16.0754064461701,0.0705498048441643,0.616450106365102
"ACC_5","1",28.0769668265508,-0.205397203076608,283.005498695805,16.0938841004514,0.0119892343945181,0.613511741143244
"ACC_5","1",28.5871441464285,-0.484881348519491,291.213994860963,16.0771509034235,-0.0787738422493705,0.609081721682215
"ACC_5","1",29.0695306194857,-0.456326606182194,298.956725375667,16.0182037537067,-0.158971639545017,0.604341921839303
"ACC_5","1",29.5330539239137,-0.399117020571466,306.36264133821,15.9336296324906,-0.199231682171867,0.600252454905005
"ACC_5","1",30.0383719754024,-0.385779716076431,314.38788514989,15.8282619918416,-0.214276586923195,0.596535376308764
"ACC_5","1",30.5,-0.403361259123833,321.67166923901,15.7285173476315,-0.216084432693448,0.593716230994559
"ACC_5","1",31,-0.365412507802966,329.508946667981,15.6208270919121,-0.213526625739074,0.591183253821195
"ACC_5","1",31.5,-0.106490439065707,337.29405406496,15.5243473452748,-0.159242917693191,0.590470736461002
"ACC_5","1",31.9918542876158,-0.0555790092461417,344.913791434555,15.4659450613514,-0.078860602503352,0.591566018212572
"ACC_5","1",32.4732498452923,0.0726548744451996,352.352547778784,15.4445938431406,-0.0100300617127741,0.593501496204574
"ACC_5","1",32.9487040889502,0.0937225066214122,359.696728184544,15.4528616656903,0.0425022193942173,0.595782364417333
"ACC_5","1",33.4492376137537,0.208838328953391,367.438437903587,15.4845308163493,0.0844730273131061,0.598340675941635
"ACC_5","1",33.9402202081105,0.219641921548345,375.052694748041,15.5345634344135,0.117563568841919,0.600899188524134
"ACC_5","1",34.4164058360702,0.357638381477998,382.464536702944,15.5988651624458,0.159377107698517,0.603745121914189
"ACC_5","1",34.9133261861916,0.455525501064635,390.237973125916,15.6922616291324,0.215267310568801,0.607313920199883
"ACC_5","1",35.4049109583213,0.393648419299093,397.979637665444,15.8065908023776,0.24119640241338,0.610344051783677
"ACC_5","1",35.8785677767766,0.349055458497348,405.49346516067,15.9197264685249,0.234458610157298,0.612272482707152
"ACC_5","1",36.3848441815353,0.185021485410245,413.582415331733,16.03211041949,0.201047686515584,0.613181501684276
"ACC_5","1",36.8372930882098,0.0936732005466947,420.854864600379,16.1109143762621,0.148227326713827,0.612762945380412
"ACC_5","1",37.3402378518207,0.140591508635475,428.97436233719,16.1737038460705,0.110478916108128,0.61203685342174
"ACC_5","1",37.8564014061281,0.120185007477957,437.337100495231,16.2297637065589,0.110971902741486,0.611873236379282
"ACC_5","1",38.3050343383149,0.137351800640431,444.629600796882,16.2803639895775,0.113771852460678,0.611850076034513
"ACC_5","1",38.8066787327811,0.139652264579792,452.810556847001,16.3355499141227,0.106131946170312,0.611574620585605
"ACC_5","1",39.2765980682125,0.140048391590966,460.49834992009,16.3834765213869,0.0984161940403776,0.611226466738452
"ACC_5","1",39.7720311321444,0.100649585946545,468.627073138813,16.430666843079,0.0931084931545816,0.610854880174143
"ACC_5","1",40.2772749529475,0.0703719763500485,476.940203616344,16.4761887495293,0.0860603776910372,0.610419440789585
"ACC_5","1",40.7488987673787,0.0540735468178011,484.719732887124,16.5129628543097,0.0703259319185301,0.609730417762072
"ACC_5","1",41.2371116125607,0.00335850325542375,492.789301946435,16.5432987852615,0.0535877621479424,0.608870831060268
"ACC_5","1",41.7470218999734,-0.0766617123446145,501.230759712472,16.5641832866923,0.0297381935307973,0.607661367142403
"ACC_5","1",42.2211349583855,-0.0958246185150982,509.086577724709,16.5734004277322,0.01200271812703,0.606491972620361
"ACC_5","1",42.7021150085459,-0.0464888263331416,517.058852303657,16.5758221232218,0.000284187676020703,0.605398681968711
"ACC_5","1",43.1734257841643,-0.043053544971242,524.870963993031,16.5743007385956,-0.00547668093458482,0.604463284235861
"ACC_5","1",43.6756472053786,-0.0280768943100348,533.194075475407,16.5706759998117,-0.00811184418852834,0.603620968896405
"ACC_5","1",44.1684974203936,-0.0422541318476437,541.359905438541,16.5664530320854,-0.00837026740870333,0.602937537843893
"ACC_5","1",44.6375540047414,-0.028208912456281,549.129571218841,16.5624895448589,-0.00797671829571056,0.602401732148085
"ACC_5","1",45.1391230748472,-0.0166488662524311,557.435818045617,16.5586383132002,-0.00710596702119527,0.601933439685537
"ACC_5","1",45.6033743497409,-0.0482671446303539,565.122449703208,16.5555342872187,-0.00576345200597067,0.601580482240214
"ACC_5","1",46.1064755532108,-0.0157766679272808,573.450824160063,16.5527113481049,-0.00434187561992619,0.601283967923471
"ACC_5","1",46.6133561910871,0.0265491085687931,581.840969387942,16.5535015630621,0.00950837224472308,0.601378411376686
"ACC_5","1",47.0692528678242,0.0462270177999581,589.389135993956,16.561081818444,0.0240483489634176,0.601695974975458
"ACC_5","1",47.575415851012,0.0973188569228893,597.77571476423,16.5787965956079,0.0476421914842128,0.602427926547493
"ACC_5","1",48.0875906056104,0.207941509961618,606.274207588441,16.6090357858814,0.0703070154908371,0.603413695345643
"ACC_5","1",48.5342830135141,0.315416349622995,613.701668204814,16.6497405120544,0.115289490363675,0.605060450381379
"ACC_5","1",49.0333323182457,0.389554625339896,622.027414085643,16.7211562848754,0.168858433494366,0.607450966383521
"ACC_5","1",49.5,0.543670682558445,629.851171055243,16.8143025683066,0.233848132365326,0.610421627841044
"ACC_5","1",50,0.632587885159942,638.290570606459,16.9489554922236,0.301320408357541,0.614053241510002
"ACC_5","2",0,0,0,0,0,NaN
"ACC_5","2",2.2731620858893,0.0169933608479876,2.52763709197498e-06,5.69631930417139e-05,0.00105564291808218,8.16289413631255
"ACC_5","2",2.7502170447821,0.236725295013436,0.00093265148641918,0.00685862691550137,0.0400547494432386,3.07106762216126
"ACC_5","2",3.23025290328324,0.643489313211241,0.0129151804557643,0.0534409769581292,0.169377994777105,2.09806446011504
"ACC_5","2",3.71371320825117,1.1479154954326,0.0661428721585275,0.184011485043657,0.383145963237955,1.70396658961266
"ACC_5","2",4.21526145730054,1.67551305726366,0.217928033878104,0.444585208149272,0.661246907273599,1.48331038774493
"ACC_5","2",4.7119227166534,2.11651494088032,0.532014666459938,0.843578793569673,0.942993660510829,1.3411163383286
"ACC_5","2",5.1688288982682,2.4189633900792,1.02429357028486,1.32899199338083,1.17561357172845,1.24687267016994
"ACC_5","2",5.6723913268142,2.63696412478563,1.8518409170813,1.97490510599936,1.3795207284372,1.16716230281729
"ACC_5","2",6.17562194892801,2.74748981239615,3.0269323677837,2.70704411564324,1.5198104501955,1.10403604196513
"ACC_5","2",6.63643070710099,2.77169614367455,4.43884409371931,3.42682639380568,1.59686624108603,1.05644908033028
"ACC_5","2",7.13923375478451,2.76275177980562,6.36579129029426,4.24128610501882,1.63638173598132,1.01282208031043
"ACC_5","2",7.61787673354234,2.66491008487717,8.58374132177929,5.02663048768269,1.63989145775277,0.977224391992374
"ACC_5","2",8.10459978204211,2.54737609321665,11.2235802838452,5.81812526952962,1.60755077403779,0.944988952350515
"ACC_5","2",8.60643169659283,2.38698605279831,14.3432673410278,6.60958055221567,1.541744084822,0.914937484043513
"ACC_5","2",9.09020849550836,2.08492121047249,17.7178349212514,7.33378231360142,1.44932375127121,0.888155501822344
"ACC_5","2",9.56631021798956,1.97121112995587,21.3695769408527,7.99774350028464,1.33988880481621,0.863797497834552
"ACC_5","2",10.0341573895038,1.81970140398315,25.2539401113867,8.59914213964618,1.23256011715166,0.841964654625896
"ACC_5","2",10.5376383163281,1.69393281351545,29.7351519569911,9.19324417875356,1.1310029135628,0.820965886206897
"ACC_5","2",11.0341619632796,1.59335638680379,34.4357798632609,9.73447914705283,1.05355529274571,0.802841632135436
"ACC_5","2",11.5,1.54859365604731,39.0826990564236,10.2122035466538,1.00019261190288,0.787994374307821
"ACC_5","2",12,1.46836036033882,44.3116707718346,10.6993874898568,0.948441034857373,0.773680366631328
"ACC_5","2",12.5,1.30424262723291,49.7776448729791,11.1597976119424,0.892202078210618,0.760467996922974
"ACC_5","2",12.9713361802579,1.15808451071424,55.1343408979692,11.5646664456805,0.82403550539425,0.74847263758935
"ACC_5","2",13.4778592228648,0.989915079769272,61.0941005274098,11.9598703100057,0.735228509476826,0.735825541232027
"ACC_5","2",13.9487822273593,0.832672004672251,66.8043663610215,12.284109289613,0.641011844833006,0.72419227420553
"ACC_5","2",14.440820697179,0.63200876059728,72.9220473630354,12.5742132486173,0.540034214835455,0.712279432917736
"ACC_5","2",14.9484909798189,0.50799425939703,79.3710118396519,12.8243116016799,0.450999552536992,0.700771227807745
"ACC_5","2",15.4135651692246,0.541514831876853,85.3816563302141,13.0193594095342,0.393090745502135,0.691370124457771
"ACC_5","2",15.9050632040742,0.496087294698919,91.8264707819013,13.2030117363581,0.359073042792293,0.68283016371214
"ACC_5","2",16.3785472104951,0.495180906390564,98.1174240972135,13.3689453080193,0.345389813351968,0.675940824678009
"ACC_5","2",16.8849298406695,0.490262096567186,104.931068633394,13.5413370849054,0.336012744515621,0.669636463714865
"ACC_5","2",17.370380421905,0.453885012089087,111.543737240832,13.7008679185116,0.321125087464681,0.664181574760917
"ACC_5","2",17.8402635086742,0.449130796980112,118.016325306027,13.8476201541395,0.304662705800793,0.659386676655518
"ACC_5","2",18.3566246000874,0.353890173640849,125.206660000133,14.0013733509458,0.293786427515842,0.654804661695872
"ACC_5","2",18.8371701896457,0.420276496303133,131.96850265622,14.1405332190843,0.287598263788843,0.65117420263926
"ACC_5","2",19.306883707444,0.43570238502914,138.642029069693,14.2744666482326,0.283584622135231,0.648095978931322
"ACC_5","2",19.8133928328186,0.436249957138415,145.908362129461,14.4170560796133,0.280159654924507,0.645212248691203
"ACC_5","2",20.2716431509469,0.391144704718204,152.544294642227,14.5448297343618,0.278688760680702,0.642957577037711
"ACC_5","2",20.7778249340939,0.384498462043864,159.942156755646,14.6850157700048,0.276227926270063,0.640773082338359
"ACC_5","2",21.2769159204346,0.421236073020901,167.305441669439,14.8213026986886,0.270220491451861,0.638798729055562
"ACC_5","2",21.7372088553466,0.362692408682179,174.155955916264,14.9440455684079,0.263782050379034,0.637094346583102
"ACC_5","2",22.2477259260223,0.283892142599387,181.819108445344,15.0764460256477,0.257110758516858,0.635352630702818
"ACC_5","2",22.7212565719199,0.275403890031055,188.986711784622,15.1960317503131,0.250367724804964,0.633860842430711
"ACC_5","2",23.2022465242602,0.335135935800078,196.324348955042,15.3137977702033,0.240601001559055,0.632387163436003
"ACC_5","2",23.7119220681617,0.258966857620996,204.160075757058,15.4328823516643,0.226653942380116,0.630764796920448
"ACC_5","2",24.1746643062133,0.275386180656945,211.325024417824,15.5328396606379,0.20513369926883,0.629084605135421
"ACC_5","2",24.6691211647796,0.201635878470405,219.029290388478,15.6273296367879,0.176613220897946,0.627035456577119
"ACC_5","2",25.1750898384905,0.142105048378085,226.957408035521,15.7082511924264,0.14372828851726,0.624700621106834
"ACC_5","2",25.6525409839308,0.0674929411546694,234.472597484286,15.7702091586379,0.119882245630644,0.622526563468129
"ACC_5","2",26.1357986223963,0.166401720266793,242.107218504545,15.8260943789343,0.117300705419528,0.620899580672368
"ACC_5","2",26.6123811775885,0.153158109750628,249.663469263295,15.8853735682096,0.134270745702533,0.620014368357623
"ACC_5","2",27.1074060537307,0.180843452118609,257.54408588216,15.954899414216,0.146047514169319,0.619360401237249
"ACC_5","2",27.6112807212881,0.153645265731822,265.60176859644,16.027409075455,0.138844104296029,0.618457961771177
"ACC_5","2",28.0769668265508,0.0635297383012436,273.079672881182,16.0859942496222,0.110226903198071,0.617047703772293
"ACC_5","2",28.5871441464285,-0.091741329236577,281.298671280678,16.1298008752632,0.0592079789268319,0.614720767910442
"ACC_5","2",29.0695306194857,-0.192621263720179,289.083831355175,16.142465270907,-0.00839199771990318,0.611610051798339
"ACC_5","2",29.5330539239137,-0.295338320789328,296.562714195114,16.1216055808898,-0.0813347913743843,0.607875381513638
"ACC_5","2",30.0383719754024,-0.37862731624145,304.695689082789,16.0619817989095,-0.151669284935261,0.60342467003411
"ACC_5","2",30.5,-0.424148456199746,312.092374566346,15.9805443818546,-0.197800044966972,0.599434815471052
"ACC_5","2",31,-0.425504781330463,320.056459800073,15.87332323251,-0.22763346865299,0.595495141719799
"ACC_5","2",31.5,-0.394030820591761,327.963996677628,15.7559279125173,-0.238098548237985,0.592161720917687
"ACC_5","2",31.9918542876158,-0.325234777913426,335.685242506136,15.6420995238399,-0.218845881828513,0.589981473673269
"ACC_5","2",32.4732498452923,-0.185213526705482,343.191476729347,15.5469953660232,-0.171918456509503,0.589250259214623
"ACC_5","2",32.9487040889502,-0.069524090537924,350.566180080422,15.479704906242,-0.109108001426984,0.589839932958942
"ACC_5","2",33.4492376137537,0.0605353350119062,358.303504202296,15.4423780165776,-0.0401757336400902,0.591549675282195
"ACC_5","2",33.9402202081105,0.139456933497482,365.883173026911,15.4382334251438,0.0222317103401529,0.593948897429942
"ACC_5","2",34.4164058360702,0.198170534240967,373.239182833245,15.4614385305997,0.0744282470919793,0.596668534524884
"ACC_5","2",34.9133261861916,0.311038765845164,380.933543808809,15.5109976883221,0.125606848327564,0.59986014465797
"ACC_5","2",35.4049109583213,0.385417404313066,388.575787948613,15.5855357964686,0.177468269108469,0.603370319739774
"ACC_5","2",35.8785677767766,0.420663387049957,395.979551432272,15.6798557982806,0.21852069352363,0.606760282160327
"ACC_5","2",36.3848441815353,0.41801327229619,403.947149003249,15.7974563671529,0.242366191792313,0.609925174315963
"ACC_5","2",36.8372930882098,0.362121353127228,411.119634320327,15.9075764701995,0.240532475103409,0.611987017525252
"ACC_5","2",37.3402378518207,0.279138473355508,419.149753365111,16.0225069076744,0.213077561744786,0.613175517956798
"ACC_5","2",37.8564014061281,0.209692818162746,427.446665583555,16.1225857719422,0.175294116814503,0.613452150391932
"ACC_5","2",38.3050343383149,0.19667117038425,434.696470527828,16.195034028554,0.149581258993988,0.61334420486797
"ACC_5","2",38.8066787327811,0.186279754604837,442.83857113236,16.2650760937292,0.131101269098036,0.613091857497373
"ACC_5","2",39.2765980682125,0.173327445387471,450.495835602199,16.3236563217446,0.118731379016187,0.612761878879204
"ACC_5","2",39.7720311321444,0.15724615698326,458.597227921529,16.3797471144889,0.108066906189488,0.612332116434926
"ACC_5","2",40.2772749529475,0.147397835846107,466.886382605174,16.431994877917,0.0991152163686152,0.611844215256056
"ACC_5","2",40.7488987673787,0.13143944105276,474.646834410096,16.4768624961111,0.0908867416870665,0.611335955459052
"ACC_5","2",41.2371116125607,0.107939377986595,482.701469619496,16.5186433902754,0.0797909294087002,0.610693753027996
"ACC_5","2",41.7470218999734,0.0766392610323101,491.134258048908,16.5556387023949,0.0645029611873958,0.609852742322988
"ACC_5","2",42.2211349583855,0.0434320315316863,498.990110383826,16.5820935454459,0.0465508814923208,0.608877721815503
"ACC_5","2",42.7021150085459,0.00999694688690433,506.97041162133,16.5998663597615,0.0273911234004779,0.607742283201844
"ACC_5","2",43.1734257841643,-0.0104166277742097,514.796506101608,16.6087352667422,0.0107397421702554,0.606575860811991
"ACC_5","2",43.6756472053786,-0.02424506814988,523.138512764263,16.6105785941827,-0.00262337658120701,0.605371008248074
"ACC_5","2",44.1684974203936,-0.0259845338166762,531.324338412681,16.6070443978554,-0.0110431189081971,0.604295790716132
"ACC_5","2",44.6375540047414,-0.0279093412419227,539.112587411347,16.6007688172713,-0.0152680090950281,0.603404813219983
"ACC_5","2",45.1391230748472,-0.0272486624499411,547.437010831343,16.5926300549414,-0.0168164263421485,0.602605324241329
"ACC_5","2",45.6033743497409,-0.0152504619696909,555.138350192301,16.5848597688548,-0.0165657211755015,0.602000839926067
"ACC_5","2",46.1064755532108,-0.0143707205033342,563.480182602145,16.5769133038641,-0.0150677551063438,0.601477571556951
"ACC_5","2",46.6133561910871,-0.00228642050131925,571.880869608228,16.5699458472115,-0.0120474622773163,0.601094286701623
"ACC_5","2",47.0692528678242,0.0218644228522741,579.434001828397,16.5658434949597,-0.00542745052007416,0.600943391055707
"ACC_5","2",47.575415851012,0.0553737239414792,587.818807772047,16.5660560663323,0.00694738329464737,0.601042695516349
"ACC_5","2",48.0875906056104,0.118432442622714,596.305195923659,16.5741625022934,0.0250587214833257,0.601479058951143
"ACC_5","2",48.5342830135141,0.141127248840108,603.711917794062,16.5898817103522,0.0459348902146621,0.602159230859286
"ACC_5","2",49.0333323182457,0.216311173318177,611.998087345561,16.6207534253917,0.0798063378588285,0.603421907743325
"ACC_5","2",49.5,0.306714088832214,619.764589399998,16.6674601594138,0.122022341470589,0.605166087620613
"ACC_5","2",50,0.431996925214632,628.11583997915,16.7423384088852,0.179397636504257,0.607724582959654
"ACC_5","3",0,0,0,0,0,NaN
"ACC_5","3",2.2731620858893,0.000137173830304232,6.67582988986965e-09,2.0713970413147e-07,5.58825113453516e-06,12.1703430670398
"ACC_5","3",2.7502170447821,0.0164057908966957,2.20695720584271e-05,0.000221978113506458,0.00189644716263439,4.1021247544491
"ACC_5","3",3.23025290328324,0.114502564154393,0.000804607242843571,0.00455900646855449,0.0214202799842056,2.65640623597548
"ACC_5","3",3.71371320825117,0.346197628237942,0.00750604470172289,0.0284382406597993,0.087227878097368,2.06190066953383
"ACC_5","3",4.21526145730054,0.727717735731789,0.0377471218150932,0.103724626911296,0.225668553356054,1.73710831678478
"ACC_5","3",4.7119227166534,1.19828556103799,0.124978988738928,0.264756626833446,0.433165274506459,1.53739561720987
"ACC_5","3",5.1688288982682,1.65151590103047,0.299051689285062,0.515069912149519,0.667308916279863,1.40804551749718
"ACC_5","3",5.6723913268142,2.11038352552115,0.654618796890199,0.920237817700862,0.941969386597085,1.3009920883085
"ACC_5","3",6.17562194892801,2.47981647720497,1.24821614184527,1.46063282475568,1.20054173998765,1.21777095228293
"ACC_5","3",6.63643070710099,2.72186019288113,2.05621357853676,2.06162484816341,1.40075007049096,1.15570517948749
"ACC_5","3",7.13923375478451,2.8809757515142,3.27744763595115,2.80993114708722,1.56601761684162,1.09908161185533
"ACC_5","3",7.61787673354234,2.95022363891376,4.80622825554439,3.58629265712798,1.66938999493322,1.05331980052628
"ACC_5","3",8.10459978204211,2.94076415895077,6.75214527814677,4.4141286558462,1.72403735402491,1.01298248291344
"ACC_5","3",8.60643169659283,2.85831251312134,9.18520059579189,5.28319344214769,1.73164473966659,0.976316086419704
"ACC_5","3",9.09020849550836,2.73635132746296,11.9427550502285,6.11411215011102,1.69672200245658,0.944549221413609
"ACC_5","3",9.56631021798956,2.53732133183371,15.0436838741682,6.90665969680842,1.62692904491916,0.91591208259583
"ACC_5","3",10.0341573895038,2.3275004661687,18.4497047403471,7.64623634066363,1.53089314189307,0.889880336925225
"ACC_5","3",10.5376383163281,2.10230632031741,22.4884780905259,8.38696507354057,1.40960232278484,0.864040067285746
"ACC_5","3",11.0341619632796,1.90991950853405,26.8214732123288,9.0561593876644,1.28646139933915,0.840787614814253
"ACC_5","3",11.5,1.75679431120768,31.1757946726284,9.63012536322468,1.17985215588969,0.821059340929239
"ACC_5","3",12,1.62841725890718,36.1340865983909,10.1949154766965,1.08231452761548,0.802123783383583
"ACC_5","3",12.5,1.53493148918364,41.3633049928188,10.7151927737764,1.00082743339433,0.785271908570131
"ACC_5","3",12.9713361802579,1.43052761089895,46.5223878121561,11.1707749019291,0.932642339807,0.770936050669667
"ACC_5","3",13.4778592228648,1.298279956735,52.2972103687507,11.6248486080076,0.859132481372032,0.756731588968774
"ACC_5","3",13.9487822273593,1.14902606823639,57.8642061666127,12.0121810158049,0.784152443993923,0.74425786479956
"ACC_5","3",14.440820697179,1.00020677423317,63.8661376011725,12.376768760468,0.695680691798105,0.731686107830328
"ACC_5","3",14.9484909798189,0.839132251664228,70.2349364112248,12.7051355426607,0.596453697618898,0.719085239016176
"ACC_5","3",15.4135651692246,0.668688208096818,76.2050281399461,12.9616135463975,0.506997303049806,0.707985017252622
"ACC_5","3",15.9050632040742,0.583913943928875,82.6333670736951,13.1897091396204,0.423572391965782,0.69699063193071
"ACC_5","3",16.3785472104951,0.530692677722003,88.92350923111,13.3750590654899,0.362143707335802,0.687392468406032
"ACC_5","3",16.8849298406695,0.495232244154415,95.7408087063972,13.5468230334794,0.319333563785024,0.678407026081643
"ACC_5","3",17.370380421905,0.482311085766062,102.353711995476,13.6956478503092,0.295342188729348,0.67101792816238
"ACC_5","3",17.8402635086742,0.458445817384831,108.821103197892,13.8308544403561,0.280506895989129,0.664833987501564
"ACC_5","3",18.3566246000874,0.507800542997638,115.99965047466,13.972458888259,0.26744889034117,0.658939818617734
"ACC_5","3",18.8371701896457,0.455235671981958,122.744672709592,14.0992323789735,0.259539641941838,0.654207952511206
"ACC_5","3",19.306883707444,0.439905987003243,129.395733587756,14.2200374782266,0.254753926160154,0.650230036038525
"ACC_5","3",19.8133928328186,0.438593725290019,136.630890682561,14.3484812693487,0.252395759108331,0.646582120626101
"ACC_5","3",20.2716431509469,0.479539937530514,143.232582136514,14.464095886302,0.251582732000171,0.643781165370443
"ACC_5","3",20.7778249340939,0.48445307430436,150.586372462423,14.5919118569071,0.252361840553372,0.641162336023447
"ACC_5","3",21.2769159204346,0.438874870971445,157.900617583811,14.718451421177,0.253873259357654,0.638981902137919
"ACC_5","3",21.7372088553466,0.480982540286444,164.702334216328,14.8354071388896,0.253257204048507,0.637233721422726
"ACC_5","3",22.2477259260223,0.548799075355204,172.309073590504,14.964570255651,0.250363624392304,0.635503371789036
"ACC_5","3",22.7212565719199,0.541158814796633,179.423358212895,15.0830185100961,0.246922841143909,0.63404772495143
"ACC_5","3",23.2022465242602,0.445672760988682,186.706691400878,15.2013945104159,0.243201016531492,0.632682583665205
"ACC_5","3",23.7119220681617,0.477773136437778,194.485861922588,15.32403386199,0.236099644374858,0.631309870599121
"ACC_5","3",24.1746643062133,0.3745397171345,201.602036501927,15.4318292621033,0.22799163519132,0.630060620212711
"ACC_5","3",24.6691211647796,0.358841156915323,209.259763504204,15.5412584460711,0.212991844382046,0.628618777441623
"ACC_5","3",25.1750898384905,0.316196405131519,217.149609365881,15.6440042272823,0.191130266290404,0.62693659034789
"ACC_5","3",25.6525409839308,0.367648324197044,224.639749898275,15.729483104827,0.164262943987642,0.625122104806727
"ACC_5","3",26.1357986223963,0.262285741175031,232.2594348896,15.8030761018128,0.138655032572873,0.623156121725854
"ACC_5","3",26.6123811775885,0.353405386964927,239.805960779955,15.8648825221109,0.120112902180686,0.621341410476993
"ACC_5","3",27.1074060537307,0.318642447085002,247.674078130432,15.9235521862081,0.116052121386926,0.619837058735965
"ACC_5","3",27.6112807212881,0.281798953818124,255.712566755569,15.9835250503285,0.120648301005237,0.618712193319794
"ACC_5","3",28.0769668265508,0.27381964395566,263.169155106726,16.0407403657476,0.122446816573369,0.617834186482936
"ACC_5","3",28.5871441464285,0.292212221281194,271.368539546891,16.1016925097804,0.111499304887481,0.616713536651882
"ACC_5","3",29.0695306194857,0.123246469155712,279.148048274686,16.1504250636295,0.0854866553350543,0.615202574628482
"ACC_5","3",29.5330539239137,-0.0268076648740241,286.641984204272,16.1808868825708,0.0424316759691511,0.61311410572484
"ACC_5","3",30.0383719754024,-0.158658454976026,294.821342856004,16.1868404280372,-0.0213492765550056,0.610023078357051
"ACC_5","3",30.5,-0.241779254101127,302.289093576514,16.162142589282,-0.0864251600759947,0.606558253998619
"ACC_5","3",31,-0.358052576713668,310.356568110861,16.1022481724433,-0.152174647631137,0.60239362760616
"ACC_5","3",31.5,-0.423313427770773,318.386318436444,16.0123360931452,-0.205033845071266,0.598143717785451
"ACC_5","3",31.9918542876158,-0.330164757563206,326.235689558569,15.9023621344434,-0.239950182847086,0.594223227195894
"ACC_5","3",32.4732498452923,-0.338162895385236,333.862718808551,15.7840262116292,-0.249290842579425,0.591025242591289
"ACC_5","3",32.9487040889502,-0.216177395169697,341.339572143211,15.6686992899265,-0.233396007430131,0.588856022218946
"ACC_5","3",33.4492376137537,-0.18076676386344,349.154722216154,15.5621686777765,-0.189850770049422,0.587886057243844
"ACC_5","3",33.9402202081105,-0.0123290794175119,356.77488741179,15.4831924535304,-0.130825784822909,0.588269224351362
"ACC_5","3",34.4164058360702,0.166889199985499,364.135442841219,15.4366661931721,-0.0662304409739627,0.589747804228107
"ACC_5","3",34.9133261861916,0.159024639767967,371.801059512609,15.4215067771329,0.00328681904015631,0.5921914394086
"ACC_5","3",35.4049109583213,0.297842136601988,379.385093686053,15.439251350904,0.0676232890523717,0.595281082850077
"ACC_5","3",35.8785677767766,0.399326702048552,386.707896978996,15.4857307853384,0.126721571593269,0.598722435627876
"ACC_5","3",36.3848441815353,0.455716040715649,394.566802083255,15.5649732114939,0.18350877671664,0.602657440686572
"ACC_5","3",36.8372930882098,0.496536605570574,401.629448170248,15.6576613718895,0.222931122211496,0.606104955566187
"ACC_5","3",37.3402378518207,0.469323674791887,409.533937614343,15.7772706152822,0.248022404901971,0.609472701916756
"ACC_5","3",37.8564014061281,0.516899883277533,417.710972888794,15.9066848469517,0.247670521671014,0.612050391922311
"ACC_5","3",38.3050343383149,0.40538702107614,424.871833723172,16.0151182664862,0.231748230117229,0.613460146917294
"ACC_5","3",38.8066787327811,0.312526864110049,432.933861769358,16.1249637410362,0.204416640858866,0.614246923098265
"ACC_5","3",39.2765980682125,0.256347217103101,440.53289071103,16.2147717929668,0.177648852879914,0.614436331166292
"ACC_5","3",39.7720311321444,0.277183986002129,448.586973150272,16.2964609586592,0.151929336606187,0.61425942704074
"ACC_5","3",40.2772749529475,0.241799385051333,456.839190709918,16.3680510950456,0.13088618211311,0.613829455743629
"ACC_5","3",40.7488987673787,0.202863352981827,464.572756362692,16.4261976661361,0.115220256833752,0.613293365400815
"ACC_5","3",41.2371116125607,0.195682701703538,472.605452976973,16.4792355538781,0.101398804190305,0.612650787684617
"ACC_5","3",41.7470218999734,0.226098081602158,481.021054945788,16.5278137198135,0.0874634423250173,0.611889949545902
"ACC_5","3",42.2211349583855,0.205116080697087,488.866567615104,16.5666848905209,0.0739865581389313,0.611078368160108
"ACC_5","3",42.7021150085459,0.102379906445713,496.842911855354,16.5991141327816,0.0589588567435042,0.610122906858946
"ACC_5","3",43.1734257841643,0.065300687150216,504.672214717437,16.6230551412646,0.0416749334631351,0.60905118211631
"ACC_5","3",43.6756472053786,0.017304946780639,513.025165595388,16.6393801843371,0.0229438188503837,0.607795906868871
"ACC_5","3",44.1684974203936,0.0154589222548402,521.227982461773,16.6464950529459,0.00581510651902974,0.606515420741494
"ACC_5","3",44.6375540047414,-0.014528743983278,529.036299630996,16.6461996356257,-0.00708932261538546,0.605320613768555
"ACC_5","3",45.1391230748472,-0.0348596607145476,537.384191500111,16.6400806025702,-0.0169009880937521,0.604132850755516
"ACC_5","3",45.6033743497409,0.0056459152227849,545.10732951608,16.630869295252,-0.0228670821434361,0.603156726093984
"ACC_5","3",46.1064755532108,-0.0122709787521969,553.471367822921,16.6188469202301,-0.0252546436696089,0.602256873010834
"ACC_5","3",46.6133561910871,-0.00661489755185285,561.891914583882,16.6061379217708,-0.0251646356753345,0.601521863265375
"ACC_5","3",47.0692528678242,0.0133896215754467,569.460070885922,16.5952204717451,-0.0231793668276055,0.601012258888443
"ACC_5","3",47.575415851012,0.0323455101645523,577.857231475864,16.5849032013,-0.0179408792145285,0.600641208168287
"ACC_5","3",48.0875906056104,0.129660509886406,586.349673560092,16.5782095449774,-0.00916281424533821,0.600518550363158
"ACC_5","3",48.5342830135141,0.0726778930885918,593.754617868958,16.5772876447844,0.00416928215577269,0.600659175280502
"ACC_5","3",49.0333323182457,0.0961540147964369,602.028793753698,16.5840686264086,0.023659311613511,0.601136778702693
"ACC_5","3",49.5,0.148450444387519,609.771470410595,16.600710070776,0.0488157137634046,0.601969370394313
"ACC_5","3",50,0.254168004393817,618.079342844049,16.6338269443648,0.0851335898331132,0.603378715473597
"ACC_5","4",0,0,0,0,0,NaN
"ACC_5","4",2.2731620858893,4.72170658932422e-07,9.90101142166041e-12,3.95133120180352e-10,1.41549674877975e-08,16.8700838730133
"ACC_5","4",2.7502170447821,0.000543442196971161,3.2270491185471e-07,4.15760077745709e-06,4.72818266804921e-05,5.23062898787348
"ACC_5","4",3.23025290328324,0.0104646422396293,3.24964654897576e-05,0.000236624543036198,0.00149611999259789,3.26302068013164
"ACC_5","4",3.71371320825117,0.0594991093228913,0.000575950339413999,0.00281339015037916,0.0117208231716978,2.46325393631414
"ACC_5","4",4.21526145730054,0.19487045780358,0.00462123936800172,0.0163612753816934,0.0484996281359698,2.02465160412593
"ACC_5","4",4.7119227166534,0.444351679506691,0.0215783435133459,0.0587762888682177,0.131530987542441,1.75922378252593
"ACC_5","4",5.1688288982682,0.775517234090145,0.0662000787809272,0.146390552140374,0.260822738569471,1.59061911509736
"ACC_5","4",5.6723913268142,1.22297901537609,0.180883121562242,0.326002237848611,0.461996931455419,1.45316694282311
"ACC_5","4",6.17562194892801,1.70450378672779,0.413507014717338,0.619319495556503,0.709543239363479,1.34778435543658
"ACC_5","4",6.63643070710099,2.12618834460675,0.782854050763046,1.00259365327349,0.954921522575877,1.27006541844362
"ACC_5","4",7.13923375478451,2.52105246658289,1.41886789295851,1.54918317757521,1.21587206307662,1.19971593411032
"ACC_5","4",7.61787673354234,2.80727690974265,2.30837602426431,2.18511278663943,1.43504826124535,1.14312279281548
"ACC_5","4",8.10459978204211,2.99974023549402,3.54941930239502,2.92890842839093,1.61285590280032,1.09348791676333
"ACC_5","4",8.60643169659283,3.09557682487201,5.2282904275647,3.77272454073796,1.74031635446346,1.04882032215721
"ACC_5","4",9.09020849550836,3.09445759009827,7.26025267115081,4.63311463228015,1.80768560529276,1.0106597290845
"ACC_5","4",9.56631021798956,3.0181962362534,9.67199481908361,5.49928138083345,1.82274843353053,0.976798363838315
"ACC_5","4",10.0341573895038,2.87689572934876,12.4435720940579,6.34654125071994,1.79214703889698,0.94636313056467
"ACC_5","4",10.5376383163281,2.66997321443991,15.8632920879559,7.2313560532173,1.71593089707213,0.916174774663791
"ACC_5","4",11.0341619632796,2.43320072333733,19.6611630872074,8.05746673398079,1.6071341089911,0.888655251274475
"ACC_5","4",11.5,2.20706280794193,23.5847600799707,8.77847355197496,1.48643289978681,0.864732865880755
"ACC_5","4",12,1.98094121126053,28.154140847072,9.48770548647081,1.35051961441863,0.841082784736312
"ACC_5","4",12.5,1.78213201782259,33.0612755589832,10.1299728805115,1.22035397879432,0.819551002925923
"ACC_5","4",12.9713361802579,1.62527961482233,37.9672296858677,10.6785483539203,1.10966909940792,0.801153662721177
"ACC_5","4",13.4778592228648,1.47757846655324,43.5138857885304,11.213526641904,1.00502919460061,0.783279414292187
"ACC_5","4",13.9487822273593,1.34746760110771,48.9027345018021,11.6659427017405,0.917570562827905,0.768173811060605
"ACC_5","4",14.440820697179,1.20022296963542,54.7503651903247,12.0959129734459,0.830433452038487,0.753624172963186
"ACC_5","4",14.9484909798189,1.03692573026719,60.9942173862764,12.4944125993637,0.73901686819998,0.739588112002881
"ACC_5","4",15.4135651692246,0.890625032920862,66.8818287682663,12.8178011382961,0.651165286651716,0.727363396505243
"ACC_5","4",15.9050632040742,0.726144132978053,73.2565726386795,13.1144488097209,0.556014430509928,0.714997219560244
"ACC_5","4",16.3785472104951,0.589928998317909,79.5249999886344,13.3564251786358,0.467341529204228,0.703669516114906
"ACC_5","4",16.8849298406695,0.481817146207867,86.3446262105656,13.5711651311011,0.383495467896155,0.692363728910674
"ACC_5","4",17.370380421905,0.412190584178939,92.9752558542,13.7411018858181,0.319817271243546,0.682511214836083
"ACC_5","4",17.8402635086742,0.376162548456547,99.4654807933768,13.8802798197739,0.275479177081993,0.67402260804474
"ACC_5","4",18.3566246000874,0.332361076712079,106.667855646779,14.0136654528839,0.244110259761618,0.665906779297379
"ACC_5","4",18.8371701896457,0.337210805311679,113.429447906719,14.1262421589604,0.226386579517919,0.659426951488625
"ACC_5","4",19.306883707444,0.33899567175736,120.08928478962,14.2300245468208,0.216761646949663,0.654000895607454
"ACC_5","4",19.8133928328186,0.342533233139042,127.324473451653,14.3384448532907,0.212375149298336,0.649053459153394
"ACC_5","4",20.2716431509469,0.333572104342675,133.91732965272,14.43558119071,0.212392606952612,0.645298056290816
"ACC_5","4",20.7778249340939,0.341370451177936,141.251628779936,14.5435602948224,0.215148612392879,0.641847215761205
"ACC_5","4",21.2769159204346,0.370129817388733,148.537129955461,14.6519006602052,0.219530758375067,0.639063002507344
"ACC_5","4",21.7372088553466,0.358738232990206,155.304717767385,14.7540431680714,0.224653058226288,0.636951942046608
"ACC_5","4",22.2477259260223,0.330400655285421,162.86638053743,14.8699242453616,0.230064477650678,0.635019580279245
"ACC_5","4",22.7212565719199,0.330561974712134,169.933612441135,14.9794295848756,0.233454928275865,0.633518500687239
"ACC_5","4",23.2022465242602,0.368117030277493,177.165582145845,15.0918819493749,0.234702802532618,0.63220142372159
"ACC_5","4",23.7119220681617,0.338753894147918,184.888007586824,15.211382072424,0.234622855789257,0.630965305457927
"ACC_5","4",24.1746643062133,0.369710613815811,191.951960759658,15.3192674992366,0.231893998503605,0.629930624473406
"ACC_5","4",24.6691211647796,0.342469925196549,199.554834066853,15.4327210351599,0.226754874306152,0.628854070208385
"ACC_5","4",25.1750898384905,0.311951194639275,207.391947815104,15.5451141877549,0.217147769587967,0.627699573829002
"ACC_5","4",25.6525409839308,0.219010911370973,214.838211227598,15.6454671625923,0.203461322111427,0.626477852582886
"ACC_5","4",26.1357986223963,0.213395417998812,222.42194052431,15.7387808249391,0.183200736182132,0.62504805643539
"ACC_5","4",26.6123811775885,0.114077623059702,229.942667376832,15.8204337027122,0.160763711918444,0.623452781919134
"ACC_5","4",27.1074060537307,0.114131408827302,237.792780276759,15.893702619825,0.137781769926687,0.621711509900007
"ACC_5","4",27.6112807212881,0.133789719999079,245.817831161507,15.958275267092,0.121180430180622,0.620037906882474
"ACC_5","4",28.0769668265508,0.132199612281168,253.26214294109,16.0125179834374,0.113838711926828,0.618704202292441
"ACC_5","4",28.5871441464285,0.0849939261267969,261.445962572114,16.0694759838496,0.111286518446835,0.617479809842512
"ACC_5","4",29.0695306194857,0.122780890756521,269.210373334253,16.1218159976396,0.106173779249462,0.616411633893331
"ACC_5","4",29.5330539239137,0.107136661444052,276.69422873095,16.1684040513743,0.0935425698297088,0.615258960730667
"ACC_5","4",30.0383719754024,0.0264502413634835,284.875336048696,16.2092736247851,0.0655774354580142,0.613599784761466
"ACC_5","4",30.5,-0.0920979552880556,292.363648208114,16.2306454471396,0.0250980960184475,0.611524994537378
"ACC_5","4",31,-0.19301449181563,300.479785631551,16.2290776355513,-0.0328303499286218,0.60858557097991
"ACC_5","4",31.5,-0.300090343115628,308.587530821588,16.1964748953748,-0.0978630716479864,0.604995079370897
"ACC_5","4",31.9918542876158,-0.477255365802513,316.539425036744,16.132749656205,-0.159228125345694,0.601029875777928
"ACC_5","4",32.4732498452923,-0.500917580489257,324.284996463502,16.0427629098856,-0.210897189015911,0.597012023355891
"ACC_5","4",32.9487040889502,-0.552909785061501,331.887221586826,15.9332837111921,-0.244820844670763,0.593245606349517
"ACC_5","4",33.4492376137537,-0.453087849385387,339.830785848732,15.8060485699268,-0.257991691670245,0.589896730113935
"ACC_5","4",33.9402202081105,-0.41656415789957,347.560456408891,15.6816251732781,-0.243596518523479,0.587594136518444
"ACC_5","4",34.4164058360702,-0.37148336067743,355.001319721673,15.5732148232991,-0.206331782400323,0.586527780113893
"ACC_5","4",34.9133261861916,-0.139833599307897,362.716520378419,15.4835522895534,-0.150572877028243,0.586721894582275
"ACC_5","4",35.4049109583213,-0.047263654227562,370.312427519296,15.4257382765996,-0.0826320352548677,0.588151179805733
"ACC_5","4",35.8785677767766,0.0610705884033091,377.612188861975,15.4027475227925,-0.0128890682384536,0.590525041299409
"ACC_5","4",36.3848441815353,0.198190756254897,385.411703763185,15.4148218969618,0.0614052590846213,0.593915283696763
"ACC_5","4",36.8372930882098,0.286100172727814,392.394553637192,15.4568358061431,0.124503167030677,0.597463455578999
"ACC_5","4",37.3402378518207,0.387859122505784,400.186881978543,15.5351344111677,0.185762937060565,0.601672015729758
"ACC_5","4",37.8564014061281,0.330107120164141,408.232579643312,15.6439467697009,0.234426328344102,0.605882478700293
"ACC_5","4",38.3050343383149,0.391003280759651,415.275388073521,15.7545978301872,0.258053977905501,0.60912031859444
"ACC_5","4",38.8066787327811,0.400237868869736,423.211472760254,15.8862272421319,0.264347351230663,0.612001129086118
"ACC_5","4",39.2765980682125,0.369903661267598,430.705611734255,16.0083677894657,0.253713379400425,0.613883882855428
"ACC_5","4",39.7720311321444,0.251615210188187,438.666968274858,16.1287243963313,0.231750978927249,0.615052042036859
"ACC_5","4",40.2772749529475,0.207329825261976,446.8441946312,16.2382626597418,0.202965843448419,0.615521271465687
"ACC_5","4",40.7488987673787,0.186510585145613,454.524018670249,16.3271604926312,0.175450703513711,0.615461439052959
"ACC_5","4",41.2371116125607,0.133957700794139,462.51493789685,16.4061054605399,0.149660508758911,0.615046337742513
"ACC_5","4",41.7470218999734,0.0334809872536908,470.898894325478,16.4759225938381,0.126878360403414,0.614360777835599
"ACC_5","4",42.2211349583855,-0.00225000881851445,478.723726057613,16.5308519465734,0.108086347818891,0.613570407034766
"ACC_5","4",42.7021150085459,0.0621930584007764,486.686392180476,16.5779036479637,0.0896935280572452,0.612654041823065
"ACC_5","4",43.1734257841643,0.0399316579293156,494.509024190122,16.6159890817631,0.0728690681773058,0.61165125213454
"ACC_5","4",43.6756472053786,0.0309370159052857,502.862295592034,16.6477506935984,0.054150067177232,0.610465052630871
"ACC_5","4",44.1684974203936,-0.0311504017636446,511.072937800715,16.6697154223213,0.0357006768715164,0.60919124314863
"ACC_5","4",44.6375540047414,-0.0375320555899703,518.895195717494,16.6820500701708,0.0178669439062003,0.607905135810333
"ACC_5","4",45.1391230748472,-0.0441464580850008,527.263858896557,16.6864363903247,0.000456773630208079,0.606500535334323
"ACC_5","4",45.6033743497409,-0.124435366059476,535.010088442351,16.6833701123377,-0.0122075688231286,0.605227900942059
"ACC_5","4",46.1064755532108,-0.105805156595924,543.401371945351,16.673943680416,-0.0233020226523443,0.60393606159276
"ACC_5","4",46.6133561910871,-0.111751745383245,551.849680884626,16.6599815298062,-0.0300833894742797,0.602775800278625
"ACC_5","4",47.0692528678242,-0.130442078485713,559.44160767373,16.6452591693764,-0.0327392479983392,0.601880878528043
"ACC_5","4",47.575415851012,-0.13082703072611,567.862503971776,16.6281875680221,-0.0326095857453785,0.60107137132063
"ACC_5","4",48.0875906056104,-0.242791561803541,576.374775435067,16.6117928459574,-0.0278480535297333,0.600470895436955
"ACC_5","4",48.5342830135141,-0.0791999934533302,583.792336397338,16.5996819960706,-0.0232325975566613,0.600148935020478
"ACC_5","4",49.0333323182457,-0.0146094803989866,592.07383586445,16.5903137861047,-0.0127821783505261,0.600046389573746
"ACC_5","4",49.5,0.031525129857099,599.815075084766,16.5874909508561,0.00178207100241182,0.600235162468327
"ACC_5","4",50,0.0398121194236223,608.109872157555,16.5935160183439,0.0241576450399011,0.600805198577087
"ACC_5","5",0,0,0,0,0,NaN
"ACC_5","5",2.2731620858893,8.49055646296649e-10,9.00982743753679e-15,4.4335863914505e-13,1.99642753448614e-11,22.3115119924089
"ACC_5","5",2.7502170447821,1.02148046203296e-05,3.13571390146088e-09,4.95459784968382e-08,7.08090542353202e-07,6.44995229983484
"ACC_5","5",3.23025290328324,0.000562815587144751,9.02642109738296e-07,8.0840855173471e-06,6.47183552879398e-05,3.9081505647391
"ACC_5","5",3.71371320825117,0.0062704633146895,3.12109686045895e-05,0.000188340715413036,0.00100279355008046,2.89230806846402
"ACC_5","5",4.21526145730054,0.0335911904255822,0.00041067393346892,0.00180221188980016,0.00687895268597327,2.33633206969892
"ACC_5","5",4.7119227166534,0.110342427385558,0.00277840382407275,0.00939651643159652,0.0272366028172445,2.00073504113257
"ACC_5","5",5.1688288982682,0.251778109778716,0.0111841077492261,0.0307427022902368,0.0713744275974159,1.78956197514143
"ACC_5","5",5.6723913268142,0.506406378800365,0.0390464510219756,0.0875918952859267,0.162993356711147,1.61928989066018
"ACC_5","5",6.17562194892801,0.864204288555283,0.10934956976803,0.204115968452307,0.309653800848988,1.4901207742616
"ACC_5","5",6.63643070710099,1.26204058909525,0.242365740410796,0.387243042955318,0.492345677672527,1.39573407498147
"ACC_5","5",7.13923375478451,1.73339098899389,0.509094252352712,0.693964931680844,0.733535891502036,1.31097927153502
"ACC_5","5",7.61787673354234,2.17437016612783,0.934780651055309,1.1048543245902,0.985091318505046,1.24323663548901
"ACC_5","5",8.10459978204211,2.57397814292887,1.59940176953692,1.6468579837361,1.24000489020121,1.18408360169239
"ACC_5","5",8.60643169659283,2.90252376456827,2.59236742555998,2.33050217009739,1.47876720686118,1.13105365694405
"ACC_5","5",9.09020849550836,3.12147182081234,3.90069553418429,3.09358850639613,1.66811336200514,1.08597414621256
"ACC_5","5",9.56631021798956,3.23692275209242,5.56826508237207,3.92232813433309,1.80437568706686,1.04624845147212
"ACC_5","5",10.0341573895038,3.25619103917605,7.60421632662902,4.78744147265541,1.88492226443853,1.01084384949039
"ACC_5","5",10.5376383163281,3.18120196806107,10.2552961163511,5.7458321880199,1.91203881473306,0.976011096059775
"ACC_5","5",11.0341619632796,3.02486455104789,13.3432498238052,6.68997854487622,1.88215279570061,0.94438468240544
"ACC_5","5",11.5,2.8218681190744,16.6616523045194,7.55142212051649,1.80989935013003,0.916795229423324
"ACC_5","5",12,2.56732512054272,20.6591690040801,8.42908707327225,1.69544226575697,0.889179549082809
"ACC_5","5",12.5,2.30112258522257,25.0800317728225,9.24274997952977,1.55631462417642,0.863513976234023
"ACC_5","5",12.9713361802579,2.05927910204985,29.6041706021692,9.94325574371149,1.41553656046344,0.841078546027302
"ACC_5","5",13.4778592228648,1.82348422170504,34.8157842926482,10.6221015000789,1.26601158008013,0.818868233919396
"ACC_5","5",13.9487822273593,1.630125295871,39.9534543633505,11.18727401789,1.13609727191619,0.799951813474889
"ACC_5","5",14.440820697179,1.4513424645517,45.5904455119183,11.7154250735625,1.01281321067635,0.781868316419607
"ACC_5","5",14.9484909798189,1.28085782057693,51.6634772553932,12.19994577397,0.897713807181602,0.764818164257044
"ACC_5","5",15.4135651692246,1.12637700169918,57.4308587543812,12.5944322958044,0.7995260774127,0.750408576735416
"ACC_5","5",15.9050632040742,0.964276917852686,63.7135095761218,12.9626681152546,0.69920212491536,0.73619589560635
"ACC_5","5",16.3785472104951,0.807861422108786,69.9259290259231,13.271107896991,0.603779476063167,0.723305924209064
"ACC_5","5",16.8849298406695,0.648474480002914,76.7192934138227,13.5514075902766,0.503870494185583,0.710282878927595
"ACC_5","5",17.370380421905,0.515539897119599,83.3535926595372,13.7738472378505,0.413881401628743,0.698545804125262
"ACC_5","5",17.8402635086742,0.412636326747444,89.8684395075347,13.9497704424354,0.336916539240585,0.687971269881818
"ACC_5","5",18.3566246000874,0.338543550302138,97.11322504504,14.1052517287801,0.268274758838368,0.677381076598885
"ACC_5","5",18.8371701896457,0.29057176391016,103.92045816931,14.2222529578271,0.221282778163098,0.668599396003231
"ACC_5","5",19.306883707444,0.267067746298139,110.623986581952,14.3183681555555,0.190210944853724,0.661059843191337
"ACC_5","5",19.8133928328186,0.259823932685922,117.899796327606,14.4092185869688,0.170630227395071,0.65407274288767
"ACC_5","5",20.2716431509469,0.268065286931492,124.520394177804,14.4852933174946,0.162640263533788,0.648722484864514
"ACC_5","5",20.7778249340939,0.28109607947018,131.873316806524,14.5671368740728,0.161769490717634,0.64379926230418
"ACC_5","5",21.2769159204346,0.293158702203063,139.163951205349,14.6489181561926,0.16661628299959,0.639854673920025
"ACC_5","5",21.7372088553466,0.316642117042511,145.924644763729,14.7272810620656,0.174163215305599,0.636918176826126
"ACC_5","5",22.2477259260223,0.346895027913257,153.466314212131,14.8188239584825,0.184402657401004,0.634332815588818
"ACC_5","5",22.7212565719199,0.364386496325399,160.504552909218,14.9086194814661,0.194439669786811,0.632456918203516
"ACC_5","5",23.2022465242602,0.366039271662038,167.69834005828,15.0045659873982,0.204037473217144,0.630957409598934
"ACC_5","5",23.7119220681617,0.383672806783711,175.372693023978,15.1107999234896,0.212217629352059,0.62970290196579
"ACC_5","5",24.1746643062133,0.375125658742239,182.388047519416,15.210403668153,0.217716421247421,0.628774452598279
"ACC_5","5",24.6691211647796,0.378488505566168,189.935710172876,15.318959183422,0.22078436562684,0.627922809820338
"ACC_5","5",25.1750898384905,0.37289492838853,197.7149281279,15.4308366003532,0.220673685648169,0.627122166984952
"ACC_5","5",25.6525409839308,0.379099036360899,205.107453970659,15.5354915599323,0.216628417204401,0.626356573231029
"ACC_5","5",26.1357986223963,0.341435266625139,212.640148804775,15.6384875580407,0.208313777977212,0.625494740666607
"ACC_5","5",26.6123811775885,0.330720088659681,220.116394863,15.7348506050486,0.194633176326267,0.624490995210274
"ACC_5","5",27.1074060537307,0.280411584814146,227.92870522046,15.8269002205125,0.175868965807794,0.623247440677864
"ACC_5","5",27.6112807212881,0.23117922108951,235.924925555875,15.9101867219349,0.154101505693295,0.621796951759989
"ACC_5","5",28.0769668265508,0.206931074512237,243.350090323757,15.977466396577,0.134920793152108,0.620376996659273
"ACC_5","5",28.5871441464285,0.210611970519218,251.518238870662,16.0419611598098,0.118260550870344,0.618859726847129
"ACC_5","5",29.0695306194857,0.179232213090834,259.270022494403,16.0965213780365,0.108129258648038,0.617546524891606
"ACC_5","5",29.5330539239137,0.157217212272223,266.742499519748,16.1450031058129,0.101004910945359,0.616396859509958
"ACC_5","5",30.0383719754024,0.132234649265439,274.913400738547,16.193834700002,0.0913927815475501,0.615168395546726
"ACC_5","5",30.5,0.0970965083541762,282.398199975753,16.2328233859434,0.0758751978963327,0.613907266495044
"ACC_5","5",31,0.0139577417602625,290.52306977475,16.2642866268237,0.0474685442221243,0.612182758780248
"ACC_5","5",31.5,-0.0879874748432865,298.659522418191,16.2779674194655,0.00484539883651435,0.609904673449909
"ACC_5","5",31.9918542876158,-0.155704783865381,306.664426315503,16.2675112483882,-0.0494949373859321,0.607038075490478
"ACC_5","5",32.4732498452923,-0.277270776867528,314.487595034503,16.2297726667531,-0.108580210400088,0.603668432711214
"ACC_5","5",32.9487040889502,-0.346924695661048,322.189642308533,16.1643076840985,-0.166921708278652,0.599937805430011
"ACC_5","5",33.4492376137537,-0.443632381292083,330.257236335003,16.0672668176524,-0.219294109955966,0.595841820664275
"ACC_5","5",33.9402202081105,-0.441968060176857,338.11794707857,15.9501473294855,-0.255026648374175,0.592001386273473
"ACC_5","5",34.4164058360702,-0.384264901218885,345.683581017816,15.8247782965782,-0.268819529913857,0.588806903277185
"ACC_5","5",34.9133261861916,-0.372175118741398,353.514308212656,15.6931567447532,-0.257428474401292,0.586383754106009
"ACC_5","5",35.4049109583213,-0.248732228276542,361.198904231543,15.5742793835347,-0.222916537108417,0.58516500592563
"ACC_5","5",35.8785677767766,-0.120769710741361,368.552597630136,15.4805803072418,-0.170776317835821,0.585222973043268
"ACC_5","5",36.3848441815353,0.00960464289581919,376.371081986737,15.4115828143056,-0.100542157347088,0.586612153039657
"ACC_5","5",36.8372930882098,0.139115822100595,383.336117460279,15.3818563086617,-0.0307825606916527,0.588903965499424
"ACC_5","5",37.3402378518207,0.25749210720606,391.071852107027,15.3866026074292,0.0490300311827554,0.592400421592384
"ACC_5","5",37.8564014061281,0.435677249722065,399.0239465567,15.4324200243982,0.126230768150982,0.596707002016097
"ACC_5","5",38.3050343383149,0.475917980179311,405.962295021048,15.5030997271255,0.185853662887018,0.600724578722646
"ACC_5","5",38.8066787327811,0.501862980703693,413.765128511694,15.6102469619163,0.237663052643998,0.605137399274112
"ACC_5","5",39.2765980682125,0.503770132149073,421.128241679713,15.7299254852394,0.268321113207285,0.608863027579477
"ACC_5","5",39.7720311321444,0.526667708027326,428.955022834833,15.8668213936179,0.28032377271487,0.612091432751122
"ACC_5","5",40.2772749529475,0.478139476639599,437.007406408775,16.007909988092,0.274314137647357,0.614495473159361
"ACC_5","5",40.7488987673787,0.411508602792024,444.587085301488,16.1335356770684,0.25591529343373,0.615917897208648
"ACC_5","5",41.2371116125607,0.366075089204713,452.493200043039,16.2522354870752,0.228588193048337,0.616637499609261
"ACC_5","5",41.7470218999734,0.359418176242039,460.808787397892,16.3609374552737,0.196068949469899,0.616719363127568
"ACC_5","5",42.2211349583855,0.321191246118574,468.586743059262,16.4472976581881,0.166427071692793,0.616331217992224
"ACC_5","5",42.7021150085459,0.214991692223099,476.515834665392,16.5210474781799,0.139260461881242,0.615612147384512
"ACC_5","5",43.1734257841643,0.175323384312629,484.316954588308,16.5809566894888,0.114658194452752,0.614685255662911
"ACC_5","5",43.6756472053786,0.122599154561168,492.657744325825,16.6326435581371,0.0910184460031419,0.613525518691069
"ACC_5","5",44.1684974203936,0.111972878399305,500.865325535296,16.6721666460842,0.0689637020416404,0.612254692632642
"ACC_5","5",44.6375540047414,0.0639499035696591,508.692406522956,16.6999950676166,0.0491398028759091,0.61094564119498
"ACC_5","5",45.1391230748472,0.0176423798487155,517.073941585342,16.7195363040355,0.0285707226868941,0.609461717473322
"ACC_5","5",45.6033743497409,0.0421819776087249,524.838433761581,16.7285903573005,0.00987833161780745,0.608040155417563
"ACC_5","5",46.1064755532108,-0.00476882850210436,533.2551621902,16.729317392304,-0.00761768559488467,0.606492752646225
"ACC_5","5",46.6133561910871,-0.0199759525988836,541.733328896604,16.7217561714183,-0.0224927211922235,0.604981431634166
"ACC_5","5",47.0692528678242,-0.0121440462906395,549.354048850426,16.7092690987055,-0.0328205530240037,0.603710357629331
"ACC_5","5",47.575415851012,-0.00932994497517076,557.807175153005,16.6909289706566,-0.0402829273910595,0.602442730206839
"ACC_5","5",48.0875906056104,0.102648777857218,566.350460907358,16.6696362978613,-0.0447494884110736,0.601351724092196
"ACC_5","5",48.5342830135141,-0.0164313599467551,573.792359022394,16.6504295671574,-0.0430218480373995,0.600583746780214
"ACC_5","5",49.0333323182457,-0.0342495123069305,582.096580125068,16.6300851400581,-0.038534477231458,0.599952174348724
"ACC_5","5",49.5,-0.0233363708038111,589.853368174711,16.6138137886922,-0.0308225783051017,0.599603861988314
"ACC_5","5",50,0.0473118683505498,598.156906864517,16.6014004679656,-0.0185731257954405,0.599525643167495
